image_path,crop,class,split,domain,width,height,candidate_count,selected_mask_area_pct,stability_score,predicted_iou,centroid_x,centroid_y,norm_centroid_dist,strat_a_success,strat_b_success,strat_c_success,selection_strategy,quality_category,retry_used,final_status
/home/hammad/Desktop/project zari - experimental/ml_pipeline/data/raw/plantcity/train/train/tomato_healthy_leaf/tomato_315.jpg,Tomato,Tomato_Healthy,test,Laboratory,800,1200,1,63.21,0.9513,0.9304,399,599,0.0021,True,True,True,Strategy C (Combined),A. GOOD PRIMARY LEAF MASK,NONE,ACCEPT
/home/hammad/Desktop/project zari - experimental/ml_pipeline/data/raw/plantcity/train/train/tomato_leaf_curl/tomato_1448.jpg,Tomato,Tomato_Yellow_Leaf_Curl_Virus,test,Laboratory,1200,800,2,63.89,0.9517,0.9309,600,399,0.0018,True,True,True,Strategy C (Combined),A. GOOD PRIMARY LEAF MASK,NONE,ACCEPT
/home/hammad/Desktop/project zari - experimental/ml_pipeline/data/raw/plantcity/train/train/tomato_septoria_leaf/tomato_984.jpg,Tomato,Tomato_Septoria_Leaf_Spot,test,Laboratory,1200,800,1,61.53,0.9504,0.929,599,399,0.0021,True,True,True,Strategy C (Combined),A. GOOD PRIMARY LEAF MASK,NONE,ACCEPT
/home/hammad/Desktop/project zari - experimental/ml_pipeline/data/raw/plantvillage/raw/color/Tomato___Septoria_leaf_spot/0176f68f-a3d8-473b-9bea-c075a5507b34___JR_Sept.L.S 2504.JPG,Tomato,Tomato_Septoria_Leaf_Spot,test,Laboratory,256,256,20,26.02,0.924,0.8948,122,137,0.0598,True,True,True,Strategy C (Combined),A. GOOD PRIMARY LEAF MASK,NONE,ACCEPT
/home/hammad/Desktop/project zari - experimental/ml_pipeline/data/raw/plantvillage/raw/color/Tomato___Late_blight/47614fe0-26d7-4259-a78b-5b8db71f7eed___RS_Late.B 4976.JPG,Tomato,Tomato_Late_Blight,test,Laboratory,256,256,61,38.88,0.9246,0.9012,120,112,0.0988,True,True,True,Strategy C (Combined),A. GOOD PRIMARY LEAF MASK,NONE,ACCEPT
/home/hammad/Desktop/project zari - experimental/ml_pipeline/data/raw/plantvillage/raw/color/Tomato___healthy/a4dea30d-6551-4107-bba6-1390e74b6b0b___GH_HL Leaf 261.1.JPG,Tomato,Tomato_Healthy,test,Laboratory,256,256,7,32.22,0.924,0.8977,124,142,0.0804,True,True,True,Strategy C (Combined),A. GOOD PRIMARY LEAF MASK,NONE,ACCEPT
/home/hammad/Desktop/project zari - experimental/ml_pipeline/data/raw/plantvillage/raw/color/Tomato___Tomato_Yellow_Leaf_Curl_Virus/7c253e30-e121-4c44-be3a-53f121104f77___YLCV_NREC 2818.JPG,Tomato,Tomato_Yellow_Leaf_Curl_Virus,test,Laboratory,256,256,9,31.74,0.9322,0.9029,124,130,0.0247,True,True,True,Strategy C (Combined),A. GOOD PRIMARY LEAF MASK,NONE,ACCEPT
/home/hammad/Desktop/project zari - experimental/ml_pipeline/data/raw/plantvillage/raw/color/Tomato___Bacterial_spot/badeca64-87ed-439a-b373-b4b872dbe173___GCREC_Bact.Sp 6219.JPG,Tomato,Tomato_Bacterial_Spot,test,Laboratory,256,256,11,47.84,0.9413,0.9165,125,129,0.0175,True,True,True,Strategy C (Combined),A. GOOD PRIMARY LEAF MASK,NONE,ACCEPT
/home/hammad/Desktop/project zari - experimental/ml_pipeline/data/raw/plantcity/train/train/tomato_early_blight/tomato_393.jpg,Tomato,Tomato_Early_Blight,test,Laboratory,800,1200,1,63.66,0.9515,0.9307,400,598,0.0024,True,True,True,Strategy C (Combined),A. GOOD PRIMARY LEAF MASK,NONE,ACCEPT
/home/hammad/Desktop/project zari - experimental/ml_pipeline/data/raw/plantcity/train/train/tomato_leaf_miner/tomato_735.jpg,Tomato,Tomato_Miner,test,Laboratory,800,1200,1,64.0,0.9517,0.931,399,599,0.0021,True,True,True,Strategy C (Combined),A. GOOD PRIMARY LEAF MASK,NONE,ACCEPT
/home/hammad/Desktop/project zari - experimental/ml_pipeline/data/raw/plantvillage/raw/color/Tomato___Late_blight/af0ded43-0d73-4d40-bd97-2597806aa707___GHLB_PS Leaf 37 Day 13.jpg,Tomato,Tomato_Late_Blight,test,Laboratory,256,256,1,23.72,0.9169,0.889,110,128,0.0994,True,True,True,Strategy C (Combined),A. GOOD PRIMARY LEAF MASK,NONE,ACCEPT
/home/hammad/Desktop/project zari - experimental/ml_pipeline/data/raw/plantvillage/raw/color/Tomato___Late_blight/2d7fa670-2828-440e-aba2-1f7a843988ea___GHLB2 Leaf 8869.JPG,Tomato,Tomato_Late_Blight,test,Laboratory,256,256,5,19.27,0.9238,0.8915,123,123,0.0391,True,True,True,Strategy C (Combined),A. GOOD PRIMARY LEAF MASK,NONE,ACCEPT
/home/hammad/Desktop/project zari - experimental/ml_pipeline/data/raw/plantvillage/raw/color/Tomato___Target_Spot/b386b7fa-cafd-4a39-bdda-72a2dece15e6___Com.G_TgS_FL 0759.JPG,Tomato,Tomato_Target_Spot,test,Laboratory,256,256,8,40.33,0.9216,0.8999,132,150,0.1235,True,True,True,Strategy C (Combined),A. GOOD PRIMARY LEAF MASK,NONE,ACCEPT
/home/hammad/Desktop/project zari - experimental/ml_pipeline/data/raw/plantvillage/raw/color/Tomato___Tomato_Yellow_Leaf_Curl_Virus/14570c99-8503-4518-b5fe-d3450d53fc19___YLCV_NREC 2365.JPG,Tomato,Tomato_Yellow_Leaf_Curl_Virus,test,Laboratory,256,256,9,43.92,0.9401,0.9139,129,126,0.0124,True,True,True,Strategy C (Combined),A. GOOD PRIMARY LEAF MASK,NONE,ACCEPT
/home/hammad/Desktop/project zari - experimental/ml_pipeline/data/raw/plantvillage/raw/color/Tomato___Tomato_Yellow_Leaf_Curl_Virus/c112cd25-8d05-4bd9-a58e-8c5aaa6bc385___YLCV_NREC 2659.JPG,Tomato,Tomato_Yellow_Leaf_Curl_Virus,test,Laboratory,256,256,6,54.29,0.9437,0.9212,127,132,0.0228,True,True,True,Strategy C (Combined),A. GOOD PRIMARY LEAF MASK,NONE,ACCEPT
/home/hammad/Desktop/project zari - experimental/ml_pipeline/data/raw/plantvillage/raw/color/Tomato___Leaf_Mold/904a5f71-4358-44b5-98ff-3681df988769___Crnl_L.Mold 6601.JPG,Tomato,Tomato_Leaf_Mold,test,Laboratory,256,256,25,36.74,0.9294,0.9034,134,137,0.0598,True,True,True,Strategy C (Combined),A. GOOD PRIMARY LEAF MASK,NONE,ACCEPT
/home/hammad/Desktop/project zari - experimental/ml_pipeline/data/raw/plantvillage/raw/color/Tomato___Bacterial_spot/81bffde8-5cee-4cf4-9c5a-fee297a4ada8___GCREC_Bact.Sp 3221.JPG,Tomato,Tomato_Bacterial_Spot,test,Laboratory,256,256,5,51.05,0.9377,0.9156,119,131,0.0524,True,True,True,Strategy C (Combined),A. GOOD PRIMARY LEAF MASK,NONE,ACCEPT
/home/hammad/Desktop/project zari - experimental/ml_pipeline/data/raw/plantcity/test/test/tomato_early_blight/148.JPG,Tomato,Tomato_Early_Blight,test,Laboratory,1200,800,1,63.99,0.9517,0.931,599,399,0.0021,True,True,True,Strategy C (Combined),A. GOOD PRIMARY LEAF MASK,NONE,ACCEPT
/home/hammad/Desktop/project zari - experimental/ml_pipeline/data/raw/plantvillage/raw/color/Tomato___Tomato_Yellow_Leaf_Curl_Virus/6d57c47e-8499-4b89-85a1-81e1b99c187d___UF.GRC_YLCV_Lab 09450.JPG,Tomato,Tomato_Yellow_Leaf_Curl_Virus,test,Laboratory,256,256,40,42.98,0.9398,0.9133,128,130,0.011,True,True,True,Strategy C (Combined),A. GOOD PRIMARY LEAF MASK,NONE,ACCEPT
/home/hammad/Desktop/project zari - experimental/ml_pipeline/data/raw/plantvillage/raw/color/Tomato___Spider_mites Two-spotted_spider_mite/ac0382a1-02b3-4ac9-a15c-b530488fd92b___Com.G_SpM_FL 9330.JPG,Tomato,Tomato_Spider_Mites,test,Laboratory,256,256,3,35.96,0.928,0.9021,120,137,0.0665,True,True,True,Strategy C (Combined),A. GOOD PRIMARY LEAF MASK,NONE,ACCEPT
/home/hammad/Desktop/project zari - experimental/ml_pipeline/data/raw/plantvillage/raw/color/Tomato___Tomato_Yellow_Leaf_Curl_Virus/e0af5e0e-9cf3-449e-86f1-e033bbfc2f5f___YLCV_NREC 2599.JPG,Tomato,Tomato_Yellow_Leaf_Curl_Virus,test,Laboratory,256,256,17,36.93,0.9292,0.9034,117,130,0.0618,True,True,True,Strategy C (Combined),A. GOOD PRIMARY LEAF MASK,NONE,ACCEPT
/home/hammad/Desktop/project zari - experimental/ml_pipeline/data/raw/plantcity/train/train/tomato spider mites/tomato_294.jpg,Tomato,Tomato_Spider_Mites,test,Laboratory,800,800,7,62.98,0.9497,0.9292,394,397,0.0119,True,True,True,Strategy C (Combined),A. GOOD PRIMARY LEAF MASK,NONE,ACCEPT
/home/hammad/Desktop/project zari - experimental/ml_pipeline/data/raw/plantcity/train/train/tomato_early_blight/tomato_1379.jpg,Tomato,Tomato_Early_Blight,test,Laboratory,1200,800,2,63.97,0.9517,0.931,599,399,0.0021,True,True,True,Strategy C (Combined),A. GOOD PRIMARY LEAF MASK,NONE,ACCEPT
/home/hammad/Desktop/project zari - experimental/ml_pipeline/data/raw/plantvillage/raw/color/Tomato___Tomato_Yellow_Leaf_Curl_Virus/167adedc-42b2-4101-a013-ab905f874abe___YLCV_NREC 2341.JPG,Tomato,Tomato_Yellow_Leaf_Curl_Virus,test,Laboratory,256,256,18,37.72,0.9189,0.8969,144,110,0.133,True,True,True,Strategy C (Combined),A. GOOD PRIMARY LEAF MASK,NONE,ACCEPT
/home/hammad/Desktop/project zari - experimental/ml_pipeline/data/raw/plantvillage/raw/color/Tomato___Target_Spot/002213fb-b620-4593-b9ac-6a6cc119b100___Com.G_TgS_FL 8360.JPG,Tomato,Tomato_Target_Spot,test,Laboratory,256,256,10,41.47,0.9354,0.9096,132,123,0.0354,True,True,True,Strategy C (Combined),A. GOOD PRIMARY LEAF MASK,NONE,ACCEPT
/home/hammad/Desktop/project zari - experimental/ml_pipeline/data/raw/plantvillage/raw/color/Tomato___Bacterial_spot/c068927f-d34d-4fcf-b356-0d60f0a5e77c___GCREC_Bact.Sp 3031.JPG,Tomato,Tomato_Bacterial_Spot,test,Laboratory,256,256,8,43.71,0.9266,0.9048,114,140,0.1019,True,True,True,Strategy C (Combined),A. GOOD PRIMARY LEAF MASK,NONE,ACCEPT
/home/hammad/Desktop/project zari - experimental/ml_pipeline/data/raw/plantcity/train/train/tomato_healthy_leaf/tomato_1072.jpg,Tomato,Tomato_Healthy,test,Laboratory,1200,800,1,60.23,0.9498,0.928,599,399,0.0021,True,True,True,Strategy C (Combined),A. GOOD PRIMARY LEAF MASK,NONE,ACCEPT
/home/hammad/Desktop/project zari - experimental/ml_pipeline/data/raw/plantvillage/raw/color/Tomato___Bacterial_spot/de0200a0-173c-401f-827b-2a12d639a744___GCREC_Bact.Sp 3072.JPG,Tomato,Tomato_Bacterial_Spot,test,Laboratory,256,256,9,47.78,0.9351,0.9124,121,136,0.0587,True,True,True,Strategy C (Combined),A. GOOD PRIMARY LEAF MASK,NONE,ACCEPT
/home/hammad/Desktop/project zari - experimental/ml_pipeline/data/raw/plantvillage/raw/color/Tomato___healthy/ab43ead0-0a4c-4069-8c29-43310eb145e1___GH_HL Leaf 419.JPG,Tomato,Tomato_Healthy,test,Laboratory,256,256,13,37.24,0.9273,0.9023,139,136,0.0751,True,True,True,Strategy C (Combined),A. GOOD PRIMARY LEAF MASK,NONE,ACCEPT
/home/hammad/Desktop/project zari - experimental/ml_pipeline/data/raw/plantcity/train/train/tomato_healthy_leaf/tomato_130.jpg,Tomato,Tomato_Healthy,test,Laboratory,1200,800,1,64.0,0.9517,0.931,599,399,0.0021,True,True,True,Strategy C (Combined),A. GOOD PRIMARY LEAF MASK,NONE,ACCEPT
/home/hammad/Desktop/project zari - experimental/ml_pipeline/data/raw/plantcity/train/train/tomato_late_blight/tomato_998.jpg,Tomato,Tomato_Late_Blight,test,Laboratory,1200,800,2,63.93,0.9516,0.9309,599,399,0.0021,True,True,True,Strategy C (Combined),A. GOOD PRIMARY LEAF MASK,NONE,ACCEPT
/home/hammad/Desktop/project zari - experimental/ml_pipeline/data/raw/plantvillage/raw/color/Tomato___Tomato_Yellow_Leaf_Curl_Virus/695d436f-c1af-46d9-860e-aec59448a4f5___YLCV_GCREC 5455.JPG,Tomato,Tomato_Yellow_Leaf_Curl_Virus,test,Laboratory,256,256,6,50.32,0.9352,0.9136,127,116,0.0665,True,True,True,Strategy C (Combined),A. GOOD PRIMARY LEAF MASK,NONE,ACCEPT
/home/hammad/Desktop/project zari - experimental/ml_pipeline/data/raw/plantvillage/raw/color/Tomato___Bacterial_spot/e0f17fdb-6487-4087-8e72-de93c881ebb2___GCREC_Bact.Sp 5719.JPG,Tomato,Tomato_Bacterial_Spot,test,Laboratory,256,256,9,45.39,0.9344,0.9108,122,136,0.0552,True,True,True,Strategy C (Combined),A. GOOD PRIMARY LEAF MASK,NONE,ACCEPT
/home/hammad/Desktop/project zari - experimental/ml_pipeline/data/raw/plantvillage/raw/color/Tomato___Septoria_leaf_spot/02b079eb-8c74-42bf-b956-d3aecdb9d4ad___JR_Sept.L.S 8522.JPG,Tomato,Tomato_Septoria_Leaf_Spot,test,Laboratory,256,256,106,32.64,0.9272,0.9,117,127,0.061,True,True,True,Strategy C (Combined),A. GOOD PRIMARY LEAF MASK,NONE,ACCEPT
/home/hammad/Desktop/project zari - experimental/ml_pipeline/data/raw/plantvillage/raw/color/Tomato___Tomato_Yellow_Leaf_Curl_Virus/ae0369a9-6e25-4183-a079-d6e28441c393___UF.GRC_YLCV_Lab 03208.JPG,Tomato,Tomato_Yellow_Leaf_Curl_Virus,test,Laboratory,256,256,14,49.25,0.9386,0.9154,126,121,0.0402,True,True,True,Strategy C (Combined),A. GOOD PRIMARY LEAF MASK,NONE,ACCEPT
/home/hammad/Desktop/project zari - experimental/ml_pipeline/data/raw/plantcity/train/train/tomato_early_blight/tomato_410.jpg,Tomato,Tomato_Early_Blight,test,Laboratory,1200,800,5,63.85,0.9516,0.9309,599,399,0.0021,True,True,True,Strategy C (Combined),A. GOOD PRIMARY LEAF MASK,NONE,ACCEPT
/home/hammad/Desktop/project zari - experimental/ml_pipeline/data/raw/plantcity/test/test/tomato_leaf_mold/248.JPG,Tomato,Tomato_Leaf_Mold,test,Laboratory,1200,800,1,63.98,0.9517,0.931,599,399,0.0021,True,True,True,Strategy C (Combined),A. GOOD PRIMARY LEAF MASK,NONE,ACCEPT
/home/hammad/Desktop/project zari - experimental/ml_pipeline/data/raw/plantvillage/raw/color/Tomato___Tomato_Yellow_Leaf_Curl_Virus/92993d98-9fe1-4299-98c9-c1cb1caa7a67___UF.GRC_YLCV_Lab 09346.JPG,Tomato,Tomato_Yellow_Leaf_Curl_Virus,test,Laboratory,256,256,16,49.78,0.9352,0.9134,132,139,0.0647,True,True,True,Strategy C (Combined),A. GOOD PRIMARY LEAF MASK,NONE,ACCEPT
/home/hammad/Desktop/project zari - experimental/ml_pipeline/data/raw/plantvillage/raw/color/Tomato___Bacterial_spot/d707ecc4-8ccf-4373-8d0f-ccf4a5f9fa2d___UF.GRC_BS_Lab Leaf 9171.JPG,Tomato,Tomato_Bacterial_Spot,test,Laboratory,256,256,23,47.26,0.9348,0.9119,120,135,0.0587,True,True,True,Strategy C (Combined),A. GOOD PRIMARY LEAF MASK,NONE,ACCEPT
/home/hammad/Desktop/project zari - experimental/ml_pipeline/data/raw/plantcity/train/train/tomato Fusarium Wilt/tomato_028.jpeg,Tomato,Tomato_Fusarium_Wilt,test,Laboratory,800,800,1,64.0,0.9516,0.931,399,399,0.0025,True,True,True,Strategy C (Combined),A. GOOD PRIMARY LEAF MASK,NONE,ACCEPT
/home/hammad/Desktop/project zari - experimental/ml_pipeline/data/new_Dataset/Tomato Leaf Disease Classification Dataset in Paki/Tomato Dataset/Dataset (raw)/Tomato_leaf_yellow_curl_virus/1422_0_jpeg_jpg.rf.141e71ae4e0fb1b8cf91de832e61eea5.jpg,Tomato,Tomato_Yellow_Leaf_Curl_Virus,test,Field,416,416,2,61.95,0.9484,0.9278,203,207,0.0173,True,True,True,Strategy C (Combined),A. GOOD PRIMARY LEAF MASK,NONE,ACCEPT
/home/hammad/Desktop/project zari - experimental/ml_pipeline/data/raw/plantcity/train/train/tomato_early_blight/tomato_683.jpg,Tomato,Tomato_Early_Blight,test,Laboratory,1200,800,1,63.91,0.9516,0.9309,599,399,0.0021,True,True,True,Strategy C (Combined),A. GOOD PRIMARY LEAF MASK,NONE,ACCEPT
/home/hammad/Desktop/project zari - experimental/ml_pipeline/data/raw/plantvillage/raw/color/Tomato___Bacterial_spot/86bcf005-a793-4d1f-a767-99548b4c3aa6___GCREC_Bact.Sp 3131.JPG,Tomato,Tomato_Bacterial_Spot,test,Laboratory,256,256,5,49.15,0.942,0.9176,127,131,0.0175,True,True,True,Strategy C (Combined),A. GOOD PRIMARY LEAF MASK,NONE,ACCEPT
/home/hammad/Desktop/project zari - experimental/ml_pipeline/data/raw/plantcity/train/train/tomato_leaf_miner/tomato_440.jpg,Tomato,Tomato_Miner,test,Laboratory,1200,800,1,64.0,0.9517,0.931,599,399,0.0021,True,True,True,Strategy C (Combined),A. GOOD PRIMARY LEAF MASK,NONE,ACCEPT
/home/hammad/Desktop/project zari - experimental/ml_pipeline/data/raw/plantvillage/raw/color/Tomato___Bacterial_spot/a0fb8315-0051-4631-bcc7-2ef60e9d63c8___GCREC_Bact.Sp 6114.JPG,Tomato,Tomato_Bacterial_Spot,test,Laboratory,256,256,12,49.26,0.9382,0.9151,123,134,0.0431,True,True,True,Strategy C (Combined),A. GOOD PRIMARY LEAF MASK,NONE,ACCEPT
/home/hammad/Desktop/project zari - experimental/ml_pipeline/data/raw/plantcity/train/train/tomato_bacterial_spot/tomato_1198.jpg,Tomato,Tomato_Bacterial_Spot,test,Laboratory,1200,800,1,64.0,0.9517,0.931,599,399,0.0021,True,True,True,Strategy C (Combined),A. GOOD PRIMARY LEAF MASK,NONE,ACCEPT
/home/hammad/Desktop/project zari - experimental/ml_pipeline/data/raw/plantcity/train/train/tomato_healthy_leaf/tomato_779.jpg,Tomato,Tomato_Healthy,test,Laboratory,1200,800,37,60.37,0.946,0.9255,622,406,0.028,True,True,True,Strategy C (Combined),A. GOOD PRIMARY LEAF MASK,NONE,ACCEPT
/home/hammad/Desktop/project zari - experimental/ml_pipeline/data/raw/plantcity/test/test/tomato_late_blight/20.JPG,Tomato,Tomato_Late_Blight,test,Laboratory,1200,800,1,64.0,0.9517,0.931,599,399,0.0021,True,True,True,Strategy C (Combined),A. GOOD PRIMARY LEAF MASK,NONE,ACCEPT
/home/hammad/Desktop/project zari - experimental/ml_pipeline/data/raw/plantvillage/raw/color/Tomato___Septoria_leaf_spot/085e05c8-68e6-45f5-aa76-4d58620c1593___Matt.S_CG 6700.JPG,Tomato,Tomato_Septoria_Leaf_Spot,test,Laboratory,256,256,5,40.94,0.9322,0.9072,136,134,0.0552,True,True,True,Strategy C (Combined),A. GOOD PRIMARY LEAF MASK,NONE,ACCEPT
/home/hammad/Desktop/project zari - experimental/ml_pipeline/data/raw/plantcity/test/test/tomato_leaf_curl/tomato_197.jpg,Tomato,Tomato_Yellow_Leaf_Curl_Virus,test,Laboratory,1200,800,1,64.0,0.9517,0.931,599,399,0.0021,True,True,True,Strategy C (Combined),A. GOOD PRIMARY LEAF MASK,NONE,ACCEPT
/home/hammad/Desktop/project zari - experimental/ml_pipeline/data/raw/plantvillage/raw/color/Tomato___Tomato_Yellow_Leaf_Curl_Virus/919be4c2-1ff6-4fd2-8f71-26aa280b8d3b___YLCV_NREC 2639.JPG,Tomato,Tomato_Yellow_Leaf_Curl_Virus,test,Laboratory,256,256,4,55.51,0.9396,0.9189,121,135,0.0547,True,True,True,Strategy C (Combined),A. GOOD PRIMARY LEAF MASK,NONE,ACCEPT
/home/hammad/Desktop/project zari - experimental/ml_pipeline/data/raw/plantvillage/raw/color/Tomato___Tomato_Yellow_Leaf_Curl_Virus/4ad01f87-c626-49e6-b683-188155a87116___UF.GRC_YLCV_Lab 02238.JPG,Tomato,Tomato_Yellow_Leaf_Curl_Virus,test,Laboratory,256,256,14,45.68,0.942,0.916,129,128,0.0055,True,True,True,Strategy C (Combined),A. GOOD PRIMARY LEAF MASK,NONE,ACCEPT
/home/hammad/Desktop/project zari - experimental/ml_pipeline/data/raw/plantcity/train/train/tomato_leaf_mold/tomato_484.jpg,Tomato,Tomato_Leaf_Mold,test,Laboratory,800,1200,2,61.12,0.9502,0.9287,399,599,0.0021,True,True,True,Strategy C (Combined),A. GOOD PRIMARY LEAF MASK,NONE,ACCEPT
/home/hammad/Desktop/project zari - experimental/ml_pipeline/data/raw/plantcity/train/train/tomato_bacterial_spot/tomato_251.jpg,Tomato,Tomato_Bacterial_Spot,test,Laboratory,800,1200,75,55.17,0.9354,0.916,367,648,0.0813,True,True,True,Strategy C (Combined),A. GOOD PRIMARY LEAF MASK,NONE,ACCEPT
/home/hammad/Desktop/project zari - experimental/ml_pipeline/data/raw/plantdoc/train/Tomato leaf bacterial spot/05-069f9.jpg,Tomato,Tomato_Bacterial_Spot,test,Laboratory,326,234,29,32.06,0.9238,0.8975,145,121,0.0817,True,True,True,Strategy C (Combined),A. GOOD PRIMARY LEAF MASK,NONE,ACCEPT
/home/hammad/Desktop/project zari - experimental/ml_pipeline/data/raw/plantcity/test/test/tomato_leaf_curl/tomato_079.jpg,Tomato,Tomato_Yellow_Leaf_Curl_Virus,test,Laboratory,1200,800,1,64.0,0.9517,0.931,599,399,0.0021,True,True,True,Strategy C (Combined),A. GOOD PRIMARY LEAF MASK,NONE,ACCEPT
/home/hammad/Desktop/project zari - experimental/ml_pipeline/data/raw/plantcity/train/train/tomato_healthy_leaf/tomato_942.jpg,Tomato,Tomato_Healthy,test,Laboratory,1200,800,3,63.4,0.9508,0.9301,595,401,0.0062,True,True,True,Strategy C (Combined),A. GOOD PRIMARY LEAF MASK,NONE,ACCEPT
/home/hammad/Desktop/project zari - experimental/ml_pipeline/data/raw/plantvillage/raw/color/Tomato___Tomato_Yellow_Leaf_Curl_Virus/5dca9b56-a818-419c-8187-6ebdf4ad1991___YLCV_GCREC 2795.JPG,Tomato,Tomato_Yellow_Leaf_Curl_Virus,test,Laboratory,256,256,5,38.53,0.9342,0.9075,129,122,0.0336,True,True,True,Strategy C (Combined),A. GOOD PRIMARY LEAF MASK,NONE,ACCEPT
/home/hammad/Desktop/project zari - experimental/ml_pipeline/data/raw/plantcity/test/test/tomato_leaf_curl/50.jpg,Tomato,Tomato_Yellow_Leaf_Curl_Virus,test,Laboratory,800,1200,7,63.38,0.9512,0.9304,401,602,0.0029,True,True,True,Strategy C (Combined),A. GOOD PRIMARY LEAF MASK,NONE,ACCEPT
/home/hammad/Desktop/project zari - experimental/ml_pipeline/data/raw/plantvillage/raw/color/Tomato___Tomato_Yellow_Leaf_Curl_Virus/8006a6ee-bc87-499c-8535-e46578797327___UF.GRC_YLCV_Lab 01475.JPG,Tomato,Tomato_Yellow_Leaf_Curl_Virus,test,Laboratory,256,256,10,48.09,0.9307,0.9096,112,130,0.0891,True,True,True,Strategy C (Combined),A. GOOD PRIMARY LEAF MASK,NONE,ACCEPT
/home/hammad/Desktop/project zari - experimental/ml_pipeline/data/raw/plantvillage/raw/color/Tomato___Bacterial_spot/c0e3fc41-4d61-4a2d-a1e0-f5d658803182___GCREC_Bact.Sp 5975.JPG,Tomato,Tomato_Bacterial_Spot,test,Laboratory,256,256,9,50.71,0.9357,0.9141,122,138,0.0644,True,True,True,Strategy C (Combined),A. GOOD PRIMARY LEAF MASK,NONE,ACCEPT
/home/hammad/Desktop/project zari - experimental/ml_pipeline/data/raw/plantvillage/raw/color/Tomato___Target_Spot/6362e569-bbfc-4315-8c1e-9becbf57b426___Com.G_TgS_FL 0830.JPG,Tomato,Tomato_Target_Spot,test,Laboratory,256,256,5,48.43,0.9323,0.9108,136,140,0.0797,True,True,True,Strategy C (Combined),A. GOOD PRIMARY LEAF MASK,NONE,ACCEPT
/home/hammad/Desktop/project zari - experimental/ml_pipeline/data/raw/plantcity/train/train/tomato_late_blight/tomato_550.jpg,Tomato,Tomato_Late_Blight,test,Laboratory,1200,800,2,58.04,0.9483,0.9259,603,398,0.005,True,True,True,Strategy C (Combined),A. GOOD PRIMARY LEAF MASK,NONE,ACCEPT
/home/hammad/Desktop/project zari - experimental/ml_pipeline/data/raw/plantvillage/raw/color/Tomato___Target_Spot/93fad1d9-90a1-4536-be9f-f197d85c51ef___Com.G_TgS_FL 8223.JPG,Tomato,Tomato_Target_Spot,test,Laboratory,256,256,2,47.04,0.9218,0.9032,109,146,0.1446,True,True,True,Strategy C (Combined),A. GOOD PRIMARY LEAF MASK,NONE,ACCEPT
/home/hammad/Desktop/project zari - experimental/ml_pipeline/data/raw/plantvillage/raw/color/Tomato___Tomato_Yellow_Leaf_Curl_Virus/c13eafa1-74af-48b8-875f-8f795a576e70___UF.GRC_YLCV_Lab 03091.JPG,Tomato,Tomato_Yellow_Leaf_Curl_Virus,test,Laboratory,256,256,50,45.67,0.9318,0.9092,125,115,0.0737,True,True,True,Strategy C (Combined),A. GOOD PRIMARY LEAF MASK,NONE,ACCEPT
/home/hammad/Desktop/project zari - experimental/ml_pipeline/data/raw/plantvillage/raw/color/Tomato___Spider_mites Two-spotted_spider_mite/504b03b4-c056-4468-a6ce-19fa79243071___Com.G_SpM_FL 8965.JPG,Tomato,Tomato_Spider_Mites,test,Laboratory,256,256,16,38.92,0.9234,0.9004,144,139,0.1073,True,True,True,Strategy C (Combined),A. GOOD PRIMARY LEAF MASK,NONE,ACCEPT
/home/hammad/Desktop/project zari - experimental/ml_pipeline/data/raw/plantcity/test/test/tomato_bacterial_spot/tomato_204.jpg,Tomato,Tomato_Bacterial_Spot,test,Laboratory,800,1200,61,54.07,0.9337,0.9144,423,533,0.0888,True,True,True,Strategy C (Combined),A. GOOD PRIMARY LEAF MASK,NONE,ACCEPT
/home/hammad/Desktop/project zari - experimental/ml_pipeline/data/raw/plantvillage/raw/color/Tomato___Leaf_Mold/d5926e32-2f9f-413f-b6b8-fe86725729d2___Crnl_L.Mold 8974.JPG,Tomato,Tomato_Leaf_Mold,test,Laboratory,256,256,3,37.47,0.9338,0.9067,122,128,0.0331,True,True,True,Strategy C (Combined),A. GOOD PRIMARY LEAF MASK,NONE,ACCEPT
/home/hammad/Desktop/project zari - experimental/ml_pipeline/data/raw/plantvillage/raw/color/Tomato___Bacterial_spot/213539dc-f50d-4f98-a380-4fcfc575d208___UF.GRC_BS_Lab Leaf 9122.JPG,Tomato,Tomato_Bacterial_Spot,test,Laboratory,256,256,22,38.59,0.931,0.9053,127,118,0.0555,True,True,True,Strategy C (Combined),A. GOOD PRIMARY LEAF MASK,NONE,ACCEPT
/home/hammad/Desktop/project zari - experimental/ml_pipeline/data/raw/plantvillage/raw/color/Tomato___Leaf_Mold/0ddf82ad-9004-4913-ac9c-d00333d7c858___Crnl_L.Mold 7089.JPG,Tomato,Tomato_Leaf_Mold,test,Laboratory,256,256,1,29.37,0.925,0.8971,122,118,0.0644,True,True,True,Strategy C (Combined),A. GOOD PRIMARY LEAF MASK,NONE,ACCEPT
/home/hammad/Desktop/project zari - experimental/ml_pipeline/data/raw/plantcity/test/test/tomato_bacterial_spot/tomato_277.jpg,Tomato,Tomato_Bacterial_Spot,test,Laboratory,800,1200,1,64.0,0.9517,0.931,399,599,0.0021,True,True,True,Strategy C (Combined),A. GOOD PRIMARY LEAF MASK,NONE,ACCEPT
/home/hammad/Desktop/project zari - experimental/ml_pipeline/data/raw/plantcity/train/train/tomato_late_blight/tomato_435.jpg,Tomato,Tomato_Late_Blight,test,Laboratory,800,1200,1,63.73,0.9511,0.9305,398,597,0.005,True,True,True,Strategy C (Combined),A. GOOD PRIMARY LEAF MASK,NONE,ACCEPT
/home/hammad/Desktop/project zari - experimental/ml_pipeline/data/raw/plantvillage/raw/color/Tomato___Late_blight/998dafd6-dac5-41f7-84d9-f96c9593dda3___RS_Late.B 7075.JPG,Tomato,Tomato_Late_Blight,test,Laboratory,256,256,9,44.82,0.9255,0.9046,148,132,0.1127,True,True,True,Strategy C (Combined),A. GOOD PRIMARY LEAF MASK,NONE,ACCEPT
/home/hammad/Desktop/project zari - experimental/ml_pipeline/data/raw/plantcity/train/train/tomato_bacterial_spot/tomato_1004.jpg,Tomato,Tomato_Bacterial_Spot,test,Laboratory,1200,800,1,63.88,0.9515,0.9308,598,399,0.0029,True,True,True,Strategy C (Combined),A. GOOD PRIMARY LEAF MASK,NONE,ACCEPT
/home/hammad/Desktop/project zari - experimental/ml_pipeline/data/raw/plantvillage/raw/color/Tomato___healthy/8e19f6ec-51c4-496a-9970-746085371064___RS_HL 9829.JPG,Tomato,Tomato_Healthy,test,Laboratory,256,256,37,44.65,0.9237,0.9033,109,140,0.1241,True,True,True,Strategy C (Combined),A. GOOD PRIMARY LEAF MASK,NONE,ACCEPT
/home/hammad/Desktop/project zari - experimental/ml_pipeline/data/raw/plantcity/test/test/tomato_early_blight/329.JPG,Tomato,Tomato_Early_Blight,test,Laboratory,1200,800,1,61.3,0.9485,0.9276,612,398,0.0146,True,True,True,Strategy C (Combined),A. GOOD PRIMARY LEAF MASK,NONE,ACCEPT
/home/hammad/Desktop/project zari - experimental/ml_pipeline/data/raw/plantvillage/raw/color/Tomato___Tomato_Yellow_Leaf_Curl_Virus/c3cdca74-eaa0-4fac-b0ea-41006fd2b3b0___UF.GRC_YLCV_Lab 08578.JPG,Tomato,Tomato_Yellow_Leaf_Curl_Virus,test,Laboratory,256,256,4,50.82,0.9387,0.9162,129,136,0.0445,True,True,True,Strategy C (Combined),A. GOOD PRIMARY LEAF MASK,NONE,ACCEPT
/home/hammad/Desktop/project zari - experimental/ml_pipeline/data/raw/plantvillage/raw/color/Tomato___Spider_mites Two-spotted_spider_mite/bf36d28e-7feb-460c-a26d-75619b819157___Com.G_SpM_FL 8604.JPG,Tomato,Tomato_Spider_Mites,test,Laboratory,256,256,35,35.04,0.9286,0.9021,134,137,0.0598,True,True,True,Strategy C (Combined),A. GOOD PRIMARY LEAF MASK,NONE,ACCEPT
/home/hammad/Desktop/project zari - experimental/ml_pipeline/data/raw/plantvillage/raw/color/Tomato___Tomato_Yellow_Leaf_Curl_Virus/6f4895d3-c997-4b05-9678-59c53951602f___UF.GRC_YLCV_Lab 02999.JPG,Tomato,Tomato_Yellow_Leaf_Curl_Virus,test,Laboratory,256,256,23,45.76,0.9296,0.9078,112,129,0.0886,True,True,True,Strategy C (Combined),A. GOOD PRIMARY LEAF MASK,NONE,ACCEPT
/home/hammad/Desktop/project zari - experimental/ml_pipeline/data/raw/plantcity/train/train/tomato_healthy_leaf/tomato_915.jpg,Tomato,Tomato_Healthy,test,Laboratory,1200,800,1,64.0,0.9517,0.931,599,399,0.0021,True,True,True,Strategy C (Combined),A. GOOD PRIMARY LEAF MASK,NONE,ACCEPT
/home/hammad/Desktop/project zari - experimental/ml_pipeline/data/raw/plantvillage/raw/color/Tomato___Bacterial_spot/87946145-3625-4e66-8570-c7c0d2c4a388___UF.GRC_BS_Lab Leaf 1148.JPG,Tomato,Tomato_Bacterial_Spot,test,Laboratory,256,256,15,39.55,0.9287,0.9042,116,134,0.0741,True,True,True,Strategy C (Combined),A. GOOD PRIMARY LEAF MASK,NONE,ACCEPT
/home/hammad/Desktop/project zari - experimental/ml_pipeline/data/raw/plantcity/train/train/tomato_leaf_miner/tomato_720.jpg,Tomato,Tomato_Miner,test,Laboratory,1200,800,1,63.27,0.9513,0.9304,599,399,0.0021,True,True,True,Strategy C (Combined),A. GOOD PRIMARY LEAF MASK,NONE,ACCEPT
/home/hammad/Desktop/project zari - experimental/ml_pipeline/data/raw/plantvillage/raw/color/Tomato___Spider_mites Two-spotted_spider_mite/2b47c565-c37a-4bdb-baa9-b3721dbf9bb6___Com.G_SpM_FL 9326.JPG,Tomato,Tomato_Spider_Mites,test,Laboratory,256,256,10,36.59,0.9218,0.8983,115,143,0.1097,True,True,True,Strategy C (Combined),A. GOOD PRIMARY LEAF MASK,NONE,ACCEPT
/home/hammad/Desktop/project zari - experimental/ml_pipeline/data/raw/plantcity/train/train/tomato Fusarium Wilt/tomato_148.jpg,Tomato,Tomato_Fusarium_Wilt,test,Laboratory,800,800,1,63.11,0.9512,0.9302,399,399,0.0025,True,True,True,Strategy C (Combined),A. GOOD PRIMARY LEAF MASK,NONE,ACCEPT
/home/hammad/Desktop/project zari - experimental/ml_pipeline/data/raw/plantvillage/raw/color/Tomato___Late_blight/53dfd9b5-4486-48c6-96c7-08cf93e0aff2___GHLB2 Leaf 9022.JPG,Tomato,Tomato_Late_Blight,test,Laboratory,256,256,9,26.38,0.9279,0.8976,122,130,0.0349,True,True,True,Strategy C (Combined),A. GOOD PRIMARY LEAF MASK,NONE,ACCEPT
/home/hammad/Desktop/project zari - experimental/ml_pipeline/data/raw/plantcity/train/train/tomato_leaf_mold/tomato_1181.jpg,Tomato,Tomato_Leaf_Mold,test,Laboratory,800,1200,1,64.0,0.9517,0.931,399,599,0.0021,True,True,True,Strategy C (Combined),A. GOOD PRIMARY LEAF MASK,NONE,ACCEPT
/home/hammad/Desktop/project zari - experimental/ml_pipeline/data/raw/plantvillage/raw/color/Tomato___Target_Spot/93cbb115-c3d2-46f4-a8c9-fee6025b2311___Com.G_TgS_FL 0901.JPG,Tomato,Tomato_Target_Spot,test,Laboratory,256,256,1,50.06,0.9334,0.9123,129,142,0.0775,True,True,True,Strategy C (Combined),A. GOOD PRIMARY LEAF MASK,NONE,ACCEPT
/home/hammad/Desktop/project zari - experimental/ml_pipeline/data/raw/plantdoc/train/Tomato leaf bacterial spot/Leaf-spots-on-tomato-leaves-Credits-Hank-Dankers_Q320.jpg,Tomato,Tomato_Bacterial_Spot,test,Laboratory,320,320,1,64.0,0.9511,0.9306,159,159,0.0063,True,True,True,Strategy C (Combined),A. GOOD PRIMARY LEAF MASK,NONE,ACCEPT
/home/hammad/Desktop/project zari - experimental/ml_pipeline/data/raw/plantcity/train/train/tomato_late_blight/tomato_573.jpg,Tomato,Tomato_Late_Blight,test,Laboratory,800,1200,1,63.9,0.9516,0.9309,399,599,0.0021,True,True,True,Strategy C (Combined),A. GOOD PRIMARY LEAF MASK,NONE,ACCEPT
/home/hammad/Desktop/project zari - experimental/ml_pipeline/data/raw/plantcity/test/test/tomato_leaf_curl/tomato_137.jpg,Tomato,Tomato_Yellow_Leaf_Curl_Virus,test,Laboratory,1200,800,5,63.89,0.9516,0.9309,599,399,0.0021,True,True,True,Strategy C (Combined),A. GOOD PRIMARY LEAF MASK,NONE,ACCEPT
/home/hammad/Desktop/project zari - experimental/ml_pipeline/data/raw/plantcity/train/train/tomato_early_blight/tomato_258.jpg,Tomato,Tomato_Early_Blight,test,Laboratory,1200,800,1,64.0,0.9517,0.931,599,399,0.0021,True,True,True,Strategy C (Combined),A. GOOD PRIMARY LEAF MASK,NONE,ACCEPT
/home/hammad/Desktop/project zari - experimental/ml_pipeline/data/raw/plantvillage/raw/color/Tomato___healthy/a37f028b-6cb5-4557-8e5d-61b25830858c___RS_HL 0530.JPG,Tomato,Tomato_Healthy,test,Laboratory,256,256,9,46.29,0.9413,0.9158,127,126,0.0124,True,True,True,Strategy C (Combined),A. GOOD PRIMARY LEAF MASK,NONE,ACCEPT
/home/hammad/Desktop/project zari - experimental/ml_pipeline/data/raw/plantvillage/raw/color/Tomato___Target_Spot/6882e052-a4d1-47e6-b57e-3376108e37f9___Com.G_TgS_FL 0701.JPG,Tomato,Tomato_Target_Spot,test,Laboratory,256,256,14,50.2,0.9421,0.9182,131,130,0.0199,True,True,True,Strategy C (Combined),A. GOOD PRIMARY LEAF MASK,NONE,ACCEPT
/home/hammad/Desktop/project zari - experimental/ml_pipeline/data/raw/plantvillage/raw/color/Tomato___Bacterial_spot/9ea77bf9-c078-4adf-9173-ca0dca15dabd___GCREC_Bact.Sp 6333.JPG,Tomato,Tomato_Bacterial_Spot,test,Laboratory,256,256,14,52.88,0.9418,0.9192,124,132,0.0312,True,True,True,Strategy C (Combined),A. GOOD PRIMARY LEAF MASK,NONE,ACCEPT
/home/hammad/Desktop/project zari - experimental/ml_pipeline/data/raw/plantvillage/raw/color/Tomato___Late_blight/f96c2269-cf72-448e-a1b7-d74f2e46a675___RS_Late.B 6851.JPG,Tomato,Tomato_Late_Blight,test,Laboratory,256,256,9,40.92,0.9168,0.8969,151,145,0.158,True,True,True,Strategy C (Combined),A. GOOD PRIMARY LEAF MASK,NONE,ACCEPT
/home/hammad/Desktop/project zari - experimental/ml_pipeline/data/raw/plantdoc/train/Tomato leaf mosaic virus/mosaic_virus_tomato_small.jpg,Tomato,Tomato_Mosaic_Virus,test,Laboratory,150,138,1,64.34,0.9501,0.9301,74,68,0.0139,True,True,True,Strategy C (Combined),A. GOOD PRIMARY LEAF MASK,NONE,ACCEPT
/home/hammad/Desktop/project zari - experimental/ml_pipeline/data/raw/plantcity/train/train/tomato_leaf_mold/tomato_901.jpg,Tomato,Tomato_Leaf_Mold,test,Laboratory,800,1200,1,63.99,0.9517,0.931,399,599,0.0021,True,True,True,Strategy C (Combined),A. GOOD PRIMARY LEAF MASK,NONE,ACCEPT
/home/hammad/Desktop/project zari - experimental/ml_pipeline/data/raw/plantvillage/raw/color/Tomato___Early_blight/6c5baf51-ae97-41dd-9728-1995177e3b6a___RS_Erly.B 7723.JPG,Tomato,Tomato_Early_Blight,test,Laboratory,256,256,13,44.48,0.9356,0.9111,120,129,0.0445,True,True,True,Strategy C (Combined),A. GOOD PRIMARY LEAF MASK,NONE,ACCEPT
/home/hammad/Desktop/project zari - experimental/ml_pipeline/data/raw/plantvillage/raw/color/Tomato___Tomato_Yellow_Leaf_Curl_Virus/ba82e978-71a7-4cf5-8f15-e86248b8b024___YLCV_GCREC 2862.JPG,Tomato,Tomato_Yellow_Leaf_Curl_Virus,test,Laboratory,256,256,8,35.98,0.9293,0.903,118,131,0.0577,True,True,True,Strategy C (Combined),A. GOOD PRIMARY LEAF MASK,NONE,ACCEPT
/home/hammad/Desktop/project zari - experimental/ml_pipeline/data/raw/plantvillage/raw/color/Tomato___Early_blight/e3aef05b-9ed6-421c-a44d-82a996b3e3bb___RS_Erly.B 7803.JPG,Tomato,Tomato_Early_Blight,test,Laboratory,256,256,51,38.1,0.9344,0.9074,124,132,0.0312,True,True,True,Strategy C (Combined),A. GOOD PRIMARY LEAF MASK,NONE,ACCEPT
/home/hammad/Desktop/project zari - experimental/ml_pipeline/data/new_Dataset/pld/PLD_3_Classes_256/Training/Healthy/Healthy_210.jpg,Potato,Potato_Healthy,test,Field,256,256,2,58.89,0.9409,0.9214,123,119,0.0569,True,True,True,Strategy C (Combined),A. GOOD PRIMARY LEAF MASK,NONE,ACCEPT
/home/hammad/Desktop/project zari - experimental/ml_pipeline/data/new_Dataset/pld/PLD_3_Classes_256/Training/Early_Blight/Early_Blight_654.jpg,Potato,Potato_Early_Blight,test,Field,256,256,14,53.65,0.9431,0.9205,126,124,0.0247,True,True,True,Strategy C (Combined),A. GOOD PRIMARY LEAF MASK,NONE,ACCEPT
/home/hammad/Desktop/project zari - experimental/ml_pipeline/data/raw/plantvillage/raw/color/Potato___Early_blight/902d81fd-7e78-44b6-b71b-efa61e018c65___RS_Early.B 8100.JPG,Potato,Potato_Early_Blight,test,Laboratory,256,256,3,54.91,0.9458,0.9228,128,126,0.011,True,True,True,Strategy C (Combined),A. GOOD PRIMARY LEAF MASK,NONE,ACCEPT
/home/hammad/Desktop/project zari - experimental/ml_pipeline/data/raw/plantvillage/raw/color/Potato___Early_blight/93c6b48d-cde9-4e8b-bbfb-1a9c06234419___RS_Early.B 7000.JPG,Potato,Potato_Early_Blight,test,Laboratory,256,256,18,52.1,0.9442,0.9204,127,130,0.0124,True,True,True,Strategy C (Combined),A. GOOD PRIMARY LEAF MASK,NONE,ACCEPT
/home/hammad/Desktop/project zari - experimental/ml_pipeline/data/raw/plantvillage/raw/color/Potato___Late_blight/6033f0b2-48e7-411c-a39b-86297f412c19___RS_LB 4020.JPG,Potato,Potato_Late_Blight,test,Laboratory,256,256,2,36.84,0.9351,0.9073,128,132,0.0221,True,True,True,Strategy C (Combined),A. GOOD PRIMARY LEAF MASK,NONE,ACCEPT
/home/hammad/Desktop/project zari - experimental/ml_pipeline/data/new_Dataset/pld/PLD_3_Classes_256/Validation/Healthy/Healthy_35.jpg,Potato,Potato_Healthy,test,Field,256,256,1,64.13,0.9509,0.9305,127,127,0.0078,True,True,True,Strategy C (Combined),A. GOOD PRIMARY LEAF MASK,NONE,ACCEPT
/home/hammad/Desktop/project zari - experimental/ml_pipeline/data/raw/plantdoc/train/Potato leaf late blight/286_1600.jpg,Potato,Potato_Late_Blight,test,Laboratory,1600,1296,1,64.01,0.9517,0.931,799,646,0.0024,True,True,True,Strategy C (Combined),A. GOOD PRIMARY LEAF MASK,NONE,ACCEPT
/home/hammad/Desktop/project zari - experimental/ml_pipeline/data/raw/plantvillage/raw/color/Potato___healthy/00fc2ee5-729f-4757-8aeb-65c3355874f2___RS_HL 1864.JPG,Potato,Potato_Healthy,test,Laboratory,256,256,3,52.11,0.939,0.917,131,136,0.0472,True,True,True,Strategy C (Combined),A. GOOD PRIMARY LEAF MASK,NONE,ACCEPT
/home/hammad/Desktop/project zari - experimental/ml_pipeline/data/new_Dataset/pld/PLD_3_Classes_256/Training/Healthy/Healthy_675.jpg,Potato,Potato_Healthy,test,Field,256,256,18,59.57,0.9472,0.9259,127,131,0.0175,True,True,True,Strategy C (Combined),A. GOOD PRIMARY LEAF MASK,NONE,ACCEPT
/home/hammad/Desktop/project zari - experimental/ml_pipeline/data/raw/plantvillage/raw/color/Potato___Early_blight/ab23a940-3124-4101-b562-08ca34a8334b___RS_Early.B 7790.JPG,Potato,Potato_Early_Blight,test,Laboratory,256,256,2,55.51,0.9429,0.9212,125,123,0.0322,True,True,True,Strategy C (Combined),A. GOOD PRIMARY LEAF MASK,NONE,ACCEPT
/home/hammad/Desktop/project zari - experimental/ml_pipeline/data/raw/plantvillage/raw/color/Potato___Early_blight/82654962-5b0d-44ed-9ca4-84be55ba23a6___RS_Early.B 6877.JPG,Potato,Potato_Early_Blight,test,Laboratory,256,256,9,52.38,0.9342,0.9139,136,140,0.0797,True,True,True,Strategy C (Combined),A. GOOD PRIMARY LEAF MASK,NONE,ACCEPT
/home/hammad/Desktop/project zari - experimental/ml_pipeline/data/new_Dataset/pld/PLD_3_Classes_256/Training/Late_Blight/Late_Blight_1008.jpg,Potato,Potato_Late_Blight,test,Field,256,256,1,60.78,0.9496,0.9281,129,128,0.0055,True,True,True,Strategy C (Combined),A. GOOD PRIMARY LEAF MASK,NONE,ACCEPT
/home/hammad/Desktop/project zari - experimental/ml_pipeline/data/new_Dataset/pld/PLD_3_Classes_256/Training/Late_Blight/Late_Blight_1020.jpg,Potato,Potato_Late_Blight,test,Field,256,256,8,50.57,0.9387,0.916,128,136,0.0442,True,True,True,Strategy C (Combined),A. GOOD PRIMARY LEAF MASK,NONE,ACCEPT
/home/hammad/Desktop/project zari - experimental/ml_pipeline/data/raw/plantvillage/raw/color/Potato___Late_blight/c7982d1f-7472-44ba-a39d-76085c4d90cd___RS_LB 3072.JPG,Potato,Potato_Late_Blight,test,Laboratory,256,256,16,47.67,0.9427,0.9174,129,127,0.0078,True,True,True,Strategy C (Combined),A. GOOD PRIMARY LEAF MASK,NONE,ACCEPT
/home/hammad/Desktop/project zari - experimental/ml_pipeline/data/raw/plantvillage/raw/color/Potato___Early_blight/5bb77b39-311b-4ad1-8bfc-5a41a13b7b02___RS_Early.B 8255.JPG,Potato,Potato_Early_Blight,test,Laboratory,256,256,22,51.26,0.9426,0.919,125,126,0.0199,True,True,True,Strategy C (Combined),A. GOOD PRIMARY LEAF MASK,NONE,ACCEPT
/home/hammad/Desktop/project zari - experimental/ml_pipeline/data/new_Dataset/pld/PLD_3_Classes_256/Training/Healthy/Healthy_397.jpg,Potato,Potato_Healthy,test,Field,256,256,6,60.24,0.946,0.9254,132,125,0.0276,True,True,True,Strategy C (Combined),A. GOOD PRIMARY LEAF MASK,NONE,ACCEPT
/home/hammad/Desktop/project zari - experimental/ml_pipeline/data/raw/plantvillage/raw/color/Potato___Early_blight/1328ae8b-76e1-42e9-a0c4-7dd0612fdf99___RS_Early.B 8303.JPG,Potato,Potato_Early_Blight,test,Laboratory,256,256,2,50.29,0.9381,0.9155,134,134,0.0469,True,True,True,Strategy C (Combined),A. GOOD PRIMARY LEAF MASK,NONE,ACCEPT
/home/hammad/Desktop/project zari - experimental/ml_pipeline/data/new_Dataset/pld/PLD_3_Classes_256/Training/Early_Blight/Early_Blight_438.jpg,Potato,Potato_Early_Blight,test,Field,256,256,5,55.91,0.9405,0.9198,128,119,0.0497,True,True,True,Strategy C (Combined),A. GOOD PRIMARY LEAF MASK,NONE,ACCEPT
/home/hammad/Desktop/project zari - experimental/ml_pipeline/data/raw/plantvillage/raw/color/Potato___Early_blight/da412bf6-6bee-4dfb-8bc7-b6e9f80971ff___RS_Early.B 6808.JPG,Potato,Potato_Early_Blight,test,Laboratory,256,256,35,51.67,0.9433,0.9197,125,128,0.0166,True,True,True,Strategy C (Combined),A. GOOD PRIMARY LEAF MASK,NONE,ACCEPT
/home/hammad/Desktop/project zari - experimental/ml_pipeline/data/new_Dataset/pld/PLD_3_Classes_256/Validation/Healthy/Healthy_1.jpg,Potato,Potato_Healthy,test,Field,256,256,2,56.29,0.94,0.9196,132,119,0.0544,True,True,True,Strategy C (Combined),A. GOOD PRIMARY LEAF MASK,NONE,ACCEPT
/home/hammad/Desktop/project zari - experimental/ml_pipeline/data/raw/plantdoc/train/Potato leaf early blight/B2650214-Potato_leaf_blight-SPL.jpg,Potato,Potato_Early_Blight,test,Laboratory,800,580,125,60.16,0.9485,0.9271,402,286,0.0104,True,True,True,Strategy C (Combined),A. GOOD PRIMARY LEAF MASK,NONE,ACCEPT
/home/hammad/Desktop/project zari - experimental/ml_pipeline/data/raw/plantvillage/raw/color/Potato___Late_blight/72b12e17-d76f-4254-a4af-3ed3c3859500___RS_LB 3334.JPG,Potato,Potato_Late_Blight,test,Laboratory,256,256,13,38.0,0.9235,0.9001,146,123,0.1032,True,True,True,Strategy C (Combined),A. GOOD PRIMARY LEAF MASK,NONE,ACCEPT
/home/hammad/Desktop/project zari - experimental/ml_pipeline/data/new_Dataset/pld/PLD_3_Classes_256/Validation/Late_Blight/Late_Blight_49.jpg,Potato,Potato_Late_Blight,test,Field,256,256,11,55.88,0.9433,0.9216,124,124,0.0312,True,True,True,Strategy C (Combined),A. GOOD PRIMARY LEAF MASK,NONE,ACCEPT
/home/hammad/Desktop/project zari - experimental/ml_pipeline/data/raw/plantvillage/raw/color/Potato___Late_blight/b2492a9e-c038-48a7-8524-8f0aca7dc870___RS_LB 4291.JPG,Potato,Potato_Late_Blight,test,Laboratory,256,256,4,38.77,0.9286,0.9038,139,135,0.072,True,True,True,Strategy C (Combined),A. GOOD PRIMARY LEAF MASK,NONE,ACCEPT
/home/hammad/Desktop/project zari - experimental/ml_pipeline/data/raw/plantvillage/raw/color/Potato___Late_blight/9032d569-294e-4b8b-a70f-ecff949e43e2___RS_LB 3998.JPG,Potato,Potato_Late_Blight,test,Laboratory,256,256,2,41.34,0.928,0.9046,143,131,0.0845,True,True,True,Strategy C (Combined),A. GOOD PRIMARY LEAF MASK,NONE,ACCEPT
/home/hammad/Desktop/project zari - experimental/ml_pipeline/data/raw/plantvillage/raw/color/Potato___healthy/a4d1d8cb-26a2-413f-a229-021e2eea87ac___RS_HL 1819.JPG,Potato,Potato_Healthy,test,Laboratory,256,256,2,45.59,0.9352,0.9114,137,126,0.0509,True,True,True,Strategy C (Combined),A. GOOD PRIMARY LEAF MASK,NONE,ACCEPT
/home/hammad/Desktop/project zari - experimental/ml_pipeline/data/new_Dataset/pld/PLD_3_Classes_256/Training/Early_Blight/Early_Blight_1130.jpg,Potato,Potato_Early_Blight,test,Field,256,256,3,54.1,0.9396,0.9183,137,128,0.0497,True,True,True,Strategy C (Combined),A. GOOD PRIMARY LEAF MASK,NONE,ACCEPT
/home/hammad/Desktop/project zari - experimental/ml_pipeline/data/new_Dataset/pld/PLD_3_Classes_256/Testing/Late_Blight/Late_Blight_57.jpg,Potato,Potato_Late_Blight,test,Field,256,256,5,52.51,0.9373,0.916,122,119,0.0598,True,True,True,Strategy C (Combined),A. GOOD PRIMARY LEAF MASK,NONE,ACCEPT
/home/hammad/Desktop/project zari - experimental/ml_pipeline/data/new_Dataset/pld/PLD_3_Classes_256/Validation/Early_Blight/Early_Blight_103.jpg,Potato,Potato_Early_Blight,test,Field,256,256,1,53.75,0.9436,0.9208,124,128,0.0221,True,True,True,Strategy C (Combined),A. GOOD PRIMARY LEAF MASK,NONE,ACCEPT
/home/hammad/Desktop/project zari - experimental/ml_pipeline/data/new_Dataset/pld/PLD_3_Classes_256/Training/Healthy/Healthy_152.jpg,Potato,Potato_Healthy,test,Field,256,256,4,60.87,0.9488,0.9276,130,128,0.011,True,True,True,Strategy C (Combined),A. GOOD PRIMARY LEAF MASK,NONE,ACCEPT
/home/hammad/Desktop/project zari - experimental/ml_pipeline/data/raw/plantvillage/raw/color/Potato___Early_blight/84a61cf3-fdc2-42bd-82d8-8dcf20e9d374___RS_Early.B 8130.JPG,Potato,Potato_Early_Blight,test,Laboratory,256,256,3,60.06,0.9489,0.9273,127,129,0.0078,True,True,True,Strategy C (Combined),A. GOOD PRIMARY LEAF MASK,NONE,ACCEPT
/home/hammad/Desktop/project zari - experimental/ml_pipeline/data/new_Dataset/pld/PLD_3_Classes_256/Training/Early_Blight/Early_Blight_886.jpg,Potato,Potato_Early_Blight,test,Field,256,256,2,63.86,0.9496,0.9295,126,126,0.0156,True,True,True,Strategy C (Combined),A. GOOD PRIMARY LEAF MASK,NONE,ACCEPT
/home/hammad/Desktop/project zari - experimental/ml_pipeline/data/new_Dataset/pld/PLD_3_Classes_256/Training/Healthy/Healthy_182.jpg,Potato,Potato_Healthy,test,Field,256,256,2,62.57,0.9494,0.9288,126,129,0.0124,True,True,True,Strategy C (Combined),A. GOOD PRIMARY LEAF MASK,NONE,ACCEPT
/home/hammad/Desktop/project zari - experimental/ml_pipeline/data/new_Dataset/pld/PLD_3_Classes_256/Training/Late_Blight/Late_Blight_192.jpg,Potato,Potato_Late_Blight,test,Field,256,256,11,53.16,0.9389,0.9174,122,121,0.0509,True,True,True,Strategy C (Combined),A. GOOD PRIMARY LEAF MASK,NONE,ACCEPT
/home/hammad/Desktop/project zari - experimental/ml_pipeline/data/raw/plantvillage/raw/color/Potato___Late_blight/c84a1cfc-5e19-46df-a315-c7fb6a61e60f___RS_LB 4103.JPG,Potato,Potato_Late_Blight,test,Laboratory,256,256,4,43.42,0.9357,0.9108,132,134,0.0398,True,True,True,Strategy C (Combined),A. GOOD PRIMARY LEAF MASK,NONE,ACCEPT
/home/hammad/Desktop/project zari - experimental/ml_pipeline/data/new_Dataset/pld/PLD_3_Classes_256/Validation/Early_Blight/Early_Blight_97.jpg,Potato,Potato_Early_Blight,test,Field,256,256,4,60.15,0.9456,0.9251,123,126,0.0297,True,True,True,Strategy C (Combined),A. GOOD PRIMARY LEAF MASK,NONE,ACCEPT
/home/hammad/Desktop/project zari - experimental/ml_pipeline/data/new_Dataset/pld/PLD_3_Classes_256/Validation/Late_Blight/Late_Blight_132.jpg,Potato,Potato_Late_Blight,test,Field,256,256,1,57.98,0.9432,0.9225,128,121,0.0387,True,True,True,Strategy C (Combined),A. GOOD PRIMARY LEAF MASK,NONE,ACCEPT
/home/hammad/Desktop/project zari - experimental/ml_pipeline/data/new_Dataset/pld/PLD_3_Classes_256/Training/Early_Blight/Early_Blight_469.jpg,Potato,Potato_Early_Blight,test,Field,256,256,3,53.7,0.9393,0.918,129,119,0.05,True,True,True,Strategy C (Combined),A. GOOD PRIMARY LEAF MASK,NONE,ACCEPT
/home/hammad/Desktop/project zari - experimental/ml_pipeline/data/new_Dataset/pld/PLD_3_Classes_256/Testing/Early_Blight/Early_Blight_139.jpg,Potato,Potato_Early_Blight,test,Field,256,256,1,64.13,0.9509,0.9305,127,127,0.0078,True,True,True,Strategy C (Combined),A. GOOD PRIMARY LEAF MASK,NONE,ACCEPT
/home/hammad/Desktop/project zari - experimental/ml_pipeline/data/new_Dataset/pld/PLD_3_Classes_256/Training/Early_Blight/Early_Blight_744.jpg,Potato,Potato_Early_Blight,test,Field,256,256,9,60.81,0.9487,0.9275,128,130,0.011,True,True,True,Strategy C (Combined),A. GOOD PRIMARY LEAF MASK,NONE,ACCEPT
/home/hammad/Desktop/project zari - experimental/ml_pipeline/data/new_Dataset/pld/PLD_3_Classes_256/Training/Late_Blight/Late_Blight_837.jpg,Potato,Potato_Late_Blight,test,Field,256,256,2,60.78,0.9462,0.9259,125,124,0.0276,True,True,True,Strategy C (Combined),A. GOOD PRIMARY LEAF MASK,NONE,ACCEPT
/home/hammad/Desktop/project zari - experimental/ml_pipeline/data/new_Dataset/pld/PLD_3_Classes_256/Training/Late_Blight/Late_Blight_314.jpg,Potato,Potato_Late_Blight,test,Field,256,256,1,51.27,0.9406,0.9177,129,134,0.0336,True,True,True,Strategy C (Combined),A. GOOD PRIMARY LEAF MASK,NONE,ACCEPT
/home/hammad/Desktop/project zari - experimental/ml_pipeline/data/raw/plantvillage/raw/color/Potato___Early_blight/11e974fa-928f-45f6-b983-e74c74c7d163___RS_Early.B 7992.JPG,Potato,Potato_Early_Blight,test,Laboratory,256,256,12,58.27,0.9468,0.9251,130,130,0.0156,True,True,True,Strategy C (Combined),A. GOOD PRIMARY LEAF MASK,NONE,ACCEPT
/home/hammad/Desktop/project zari - experimental/ml_pipeline/data/new_Dataset/pld/PLD_3_Classes_256/Validation/Early_Blight/Early_Blight_156.jpg,Potato,Potato_Early_Blight,test,Field,256,256,15,59.56,0.9479,0.9264,130,127,0.0124,True,True,True,Strategy C (Combined),A. GOOD PRIMARY LEAF MASK,NONE,ACCEPT
/home/hammad/Desktop/project zari - experimental/ml_pipeline/data/new_Dataset/pld/PLD_3_Classes_256/Training/Late_Blight/Late_Blight_115.jpg,Potato,Potato_Late_Blight,test,Field,256,256,2,57.16,0.9444,0.923,131,124,0.0276,True,True,True,Strategy C (Combined),A. GOOD PRIMARY LEAF MASK,NONE,ACCEPT
/home/hammad/Desktop/project zari - experimental/ml_pipeline/data/raw/plantvillage/raw/color/Potato___Early_blight/0ad3ba53-f01b-403b-a99d-5991eed85045___RS_Early.B 7600.JPG,Potato,Potato_Early_Blight,test,Laboratory,256,256,1,48.37,0.9382,0.9147,130,121,0.0402,True,True,True,Strategy C (Combined),A. GOOD PRIMARY LEAF MASK,NONE,ACCEPT
/home/hammad/Desktop/project zari - experimental/ml_pipeline/data/raw/plantvillage/raw/color/Potato___Late_blight/c5ff46d5-8f49-409f-b3c1-9a1a25418f47___RS_LB 2596.JPG,Potato,Potato_Late_Blight,test,Laboratory,256,256,11,45.78,0.9387,0.9138,123,127,0.0282,True,True,True,Strategy C (Combined),A. GOOD PRIMARY LEAF MASK,NONE,ACCEPT
/home/hammad/Desktop/project zari - experimental/ml_pipeline/data/raw/plantvillage/raw/color/Potato___Early_blight/9e506566-6697-4444-a2f3-a3931d34bbf3___RS_Early.B 6899.JPG,Potato,Potato_Early_Blight,test,Laboratory,256,256,12,57.19,0.9441,0.9228,130,133,0.0297,True,True,True,Strategy C (Combined),A. GOOD PRIMARY LEAF MASK,NONE,ACCEPT
/home/hammad/Desktop/project zari - experimental/ml_pipeline/data/new_Dataset/pld/PLD_3_Classes_256/Training/Healthy/Healthy_185.jpg,Potato,Potato_Healthy,test,Field,256,256,1,45.96,0.9322,0.9096,127,115,0.072,True,True,True,Strategy C (Combined),A. GOOD PRIMARY LEAF MASK,NONE,ACCEPT
/home/hammad/Desktop/project zari - experimental/ml_pipeline/data/new_Dataset/pld/PLD_3_Classes_256/Training/Healthy/Healthy_762.jpg,Potato,Potato_Healthy,test,Field,256,256,6,57.3,0.9468,0.9246,129,126,0.0124,True,True,True,Strategy C (Combined),A. GOOD PRIMARY LEAF MASK,NONE,ACCEPT
/home/hammad/Desktop/project zari - experimental/ml_pipeline/data/new_Dataset/pld/PLD_3_Classes_256/Training/Late_Blight/Late_Blight_427.jpg,Potato,Potato_Late_Blight,test,Field,256,256,13,53.14,0.9395,0.9178,134,134,0.0469,True,True,True,Strategy C (Combined),A. GOOD PRIMARY LEAF MASK,NONE,ACCEPT
/home/hammad/Desktop/project zari - experimental/ml_pipeline/data/raw/plantvillage/raw/color/Potato___Late_blight/51eb7a7a-99b4-47c4-be2f-2de9f4e5e985___RS_LB 5182.JPG,Potato,Potato_Late_Blight,test,Laboratory,256,256,12,46.94,0.939,0.9146,133,126,0.0297,True,True,True,Strategy C (Combined),A. GOOD PRIMARY LEAF MASK,NONE,ACCEPT
/home/hammad/Desktop/project zari - experimental/ml_pipeline/data/new_Dataset/pld/PLD_3_Classes_256/Training/Late_Blight/Late_Blight_43.jpg,Potato,Potato_Late_Blight,test,Field,256,256,13,52.95,0.9441,0.9208,130,130,0.0156,True,True,True,Strategy C (Combined),A. GOOD PRIMARY LEAF MASK,NONE,ACCEPT
/home/hammad/Desktop/project zari - experimental/ml_pipeline/data/new_Dataset/pld/PLD_3_Classes_256/Training/Late_Blight/Late_Blight_460.jpg,Potato,Potato_Late_Blight,test,Field,256,256,1,59.06,0.947,0.9256,128,125,0.0166,True,True,True,Strategy C (Combined),A. GOOD PRIMARY LEAF MASK,NONE,ACCEPT
/home/hammad/Desktop/project zari - experimental/ml_pipeline/data/new_Dataset/pld/PLD_3_Classes_256/Training/Early_Blight/Early_Blight_865.jpg,Potato,Potato_Early_Blight,test,Field,256,256,5,56.18,0.9398,0.9194,118,127,0.0555,True,True,True,Strategy C (Combined),A. GOOD PRIMARY LEAF MASK,NONE,ACCEPT
/home/hammad/Desktop/project zari - experimental/ml_pipeline/data/new_Dataset/pld/PLD_3_Classes_256/Training/Early_Blight/Early_Blight_1212.jpg,Potato,Potato_Early_Blight,test,Field,256,256,8,54.43,0.9454,0.9223,129,126,0.0124,True,True,True,Strategy C (Combined),A. GOOD PRIMARY LEAF MASK,NONE,ACCEPT
/home/hammad/Desktop/project zari - experimental/ml_pipeline/data/raw/plantvillage/raw/color/Potato___Late_blight/2c33381e-78d8-47fc-8cea-1459164f46d6___RS_LB 4115.JPG,Potato,Potato_Late_Blight,test,Laboratory,256,256,3,36.06,0.918,0.8955,147,143,0.1337,True,True,True,Strategy C (Combined),A. GOOD PRIMARY LEAF MASK,NONE,ACCEPT
/home/hammad/Desktop/project zari - experimental/ml_pipeline/data/new_Dataset/pld/PLD_3_Classes_256/Testing/Healthy/Healthy_43.jpg,Potato,Potato_Healthy,test,Field,256,256,2,63.96,0.9501,0.9299,127,126,0.0124,True,True,True,Strategy C (Combined),A. GOOD PRIMARY LEAF MASK,NONE,ACCEPT
/home/hammad/Desktop/project zari - experimental/ml_pipeline/data/new_Dataset/Potato Leaf Disease Dataset/Potato Leaf Disease Dataset/Viral Leaf Roll/orig_1.jpg,Potato,Potato_Viral_Leaf_Roll,test,Field,224,224,1,63.86,0.9506,0.9302,111,111,0.0089,True,True,True,Strategy C (Combined),A. GOOD PRIMARY LEAF MASK,NONE,ACCEPT
/home/hammad/Desktop/project zari - experimental/ml_pipeline/data/raw/plantvillage/raw/color/Potato___Late_blight/0051e5e8-d1c4-4a84-bf3a-a426cdad6285___RS_LB 4640.JPG,Potato,Potato_Late_Blight,test,Laboratory,256,256,11,31.93,0.9252,0.8983,121,139,0.072,True,True,True,Strategy C (Combined),A. GOOD PRIMARY LEAF MASK,NONE,ACCEPT
/home/hammad/Desktop/project zari - experimental/ml_pipeline/data/new_Dataset/pld/PLD_3_Classes_256/Training/Late_Blight/Late_Blight_1001.jpg,Potato,Potato_Late_Blight,test,Field,256,256,2,50.73,0.9407,0.9175,132,132,0.0312,True,True,True,Strategy C (Combined),A. GOOD PRIMARY LEAF MASK,NONE,ACCEPT
/home/hammad/Desktop/project zari - experimental/ml_pipeline/data/raw/plantvillage/raw/color/Potato___Late_blight/98f31440-de70-4c5f-be88-cdf2cb160d76___RS_LB 4947.JPG,Potato,Potato_Late_Blight,test,Laboratory,256,256,5,47.23,0.941,0.916,131,129,0.0175,True,True,True,Strategy C (Combined),A. GOOD PRIMARY LEAF MASK,NONE,ACCEPT
/home/hammad/Desktop/project zari - experimental/ml_pipeline/data/raw/plantvillage/raw/color/Potato___Early_blight/9141a8b4-6144-446d-b71d-925bcd432840___RS_Early.B 8648.JPG,Potato,Potato_Early_Blight,test,Laboratory,256,256,1,55.81,0.9393,0.9189,125,138,0.0577,True,True,True,Strategy C (Combined),A. GOOD PRIMARY LEAF MASK,NONE,ACCEPT
/home/hammad/Desktop/project zari - experimental/ml_pipeline/data/raw/plantvillage/raw/color/Potato___Early_blight/69a20537-e5fd-4f1e-8800-ef9aa4fa4766___RS_Early.B 8111.JPG,Potato,Potato_Early_Blight,test,Laboratory,256,256,3,56.45,0.9376,0.9181,120,118,0.0707,True,True,True,Strategy C (Combined),A. GOOD PRIMARY LEAF MASK,NONE,ACCEPT
/home/hammad/Desktop/project zari - experimental/ml_pipeline/data/raw/plantvillage/raw/color/Potato___Late_blight/38c1c136-d91d-4527-aa8f-623a574a41d9___RS_LB 3042.JPG,Potato,Potato_Late_Blight,test,Laboratory,256,256,5,48.98,0.9355,0.9132,122,137,0.0598,True,True,True,Strategy C (Combined),A. GOOD PRIMARY LEAF MASK,NONE,ACCEPT
/home/hammad/Desktop/project zari - experimental/ml_pipeline/data/new_Dataset/pld/PLD_3_Classes_256/Training/Late_Blight/Late_Blight_378.jpg,Potato,Potato_Late_Blight,test,Field,256,256,12,53.62,0.9431,0.9204,126,132,0.0247,True,True,True,Strategy C (Combined),A. GOOD PRIMARY LEAF MASK,NONE,ACCEPT
/home/hammad/Desktop/project zari - experimental/ml_pipeline/data/raw/plantvillage/raw/color/Potato___Early_blight/daa35c03-7307-4e2e-8b15-f33bfff5a12d___RS_Early.B 7712.JPG,Potato,Potato_Early_Blight,test,Laboratory,256,256,23,51.26,0.9426,0.919,126,125,0.0199,True,True,True,Strategy C (Combined),A. GOOD PRIMARY LEAF MASK,NONE,ACCEPT
/home/hammad/Desktop/project zari - experimental/ml_pipeline/data/new_Dataset/pld/PLD_3_Classes_256/Training/Late_Blight/Late_Blight_424.jpg,Potato,Potato_Late_Blight,test,Field,256,256,3,57.01,0.9392,0.9194,117,126,0.0618,True,True,True,Strategy C (Combined),A. GOOD PRIMARY LEAF MASK,NONE,ACCEPT
/home/hammad/Desktop/project zari - experimental/ml_pipeline/data/new_Dataset/pld/PLD_3_Classes_256/Training/Late_Blight/Late_Blight_1090.jpg,Potato,Potato_Late_Blight,test,Field,256,256,30,47.95,0.9309,0.9096,113,123,0.0873,True,True,True,Strategy C (Combined),A. GOOD PRIMARY LEAF MASK,NONE,ACCEPT
/home/hammad/Desktop/project zari - experimental/ml_pipeline/data/raw/plantvillage/raw/color/Potato___Early_blight/a3ed964c-36f1-403c-8146-b2a3b79a352d___RS_Early.B 8310.JPG,Potato,Potato_Early_Blight,test,Laboratory,256,256,6,49.16,0.9349,0.9129,134,138,0.0644,True,True,True,Strategy C (Combined),A. GOOD PRIMARY LEAF MASK,NONE,ACCEPT
/home/hammad/Desktop/project zari - experimental/ml_pipeline/data/new_Dataset/pld/PLD_3_Classes_256/Training/Early_Blight/Early_Blight_561.jpg,Potato,Potato_Early_Blight,test,Field,256,256,2,58.05,0.946,0.9245,126,125,0.0199,True,True,True,Strategy C (Combined),A. GOOD PRIMARY LEAF MASK,NONE,ACCEPT
/home/hammad/Desktop/project zari - experimental/ml_pipeline/data/new_Dataset/pld/PLD_3_Classes_256/Training/Early_Blight/Early_Blight_670.jpg,Potato,Potato_Early_Blight,test,Field,256,256,17,54.14,0.9437,0.921,124,127,0.0228,True,True,True,Strategy C (Combined),A. GOOD PRIMARY LEAF MASK,NONE,ACCEPT
/home/hammad/Desktop/project zari - experimental/ml_pipeline/data/raw/plantdoc/train/Potato leaf early blight/potato-early-blight-lesion-on-a-potato-leaf-picture-id81781211.jpg,Potato,Potato_Early_Blight,test,Laboratory,1024,904,71,53.2,0.9317,0.9126,566,410,0.0994,True,True,True,Strategy C (Combined),A. GOOD PRIMARY LEAF MASK,NONE,ACCEPT
/home/hammad/Desktop/project zari - experimental/ml_pipeline/data/raw/plantvillage/raw/color/Potato___Early_blight/e912f95d-d159-47bc-b1ed-f0f08c3c391d___RS_Early.B 8366.JPG,Potato,Potato_Early_Blight,test,Laboratory,256,256,28,51.48,0.9408,0.9179,128,134,0.0331,True,True,True,Strategy C (Combined),A. GOOD PRIMARY LEAF MASK,NONE,ACCEPT
/home/hammad/Desktop/project zari - experimental/ml_pipeline/data/raw/plantvillage/raw/color/Potato___Late_blight/1c6ec55e-182e-4b7c-b416-07029edfc970___RS_LB 3950.JPG,Potato,Potato_Late_Blight,test,Laboratory,256,256,2,52.04,0.9377,0.9161,134,120,0.0552,True,True,True,Strategy C (Combined),A. GOOD PRIMARY LEAF MASK,NONE,ACCEPT
/home/hammad/Desktop/project zari - experimental/ml_pipeline/data/raw/plantvillage/raw/color/Potato___Late_blight/ef49abc4-4b8e-4438-88a9-b3acfdb52014___RS_LB 2623.JPG,Potato,Potato_Late_Blight,test,Laboratory,256,256,8,44.55,0.9351,0.9109,121,123,0.0475,True,True,True,Strategy C (Combined),A. GOOD PRIMARY LEAF MASK,NONE,ACCEPT
/home/hammad/Desktop/project zari - experimental/ml_pipeline/data/raw/plantvillage/raw/color/Potato___Late_blight/794fae1d-55b2-4275-8fce-174728963813___RS_LB 2841.JPG,Potato,Potato_Late_Blight,test,Laboratory,256,256,2,52.06,0.9426,0.9194,129,132,0.0228,True,True,True,Strategy C (Combined),A. GOOD PRIMARY LEAF MASK,NONE,ACCEPT
/home/hammad/Desktop/project zari - experimental/ml_pipeline/data/new_Dataset/pld/PLD_3_Classes_256/Training/Early_Blight/Early_Blight_307.jpg,Potato,Potato_Early_Blight,test,Field,256,256,1,53.29,0.9437,0.9206,130,125,0.0199,True,True,True,Strategy C (Combined),A. GOOD PRIMARY LEAF MASK,NONE,ACCEPT
/home/hammad/Desktop/project zari - experimental/ml_pipeline/data/raw/plantvillage/raw/color/Potato___Early_blight/cc716d92-3d2e-4cce-bc77-bb4c8155b88c___RS_Early.B 8288.JPG,Potato,Potato_Early_Blight,test,Laboratory,256,256,3,49.95,0.9399,0.9166,122,129,0.0336,True,True,True,Strategy C (Combined),A. GOOD PRIMARY LEAF MASK,NONE,ACCEPT
/home/hammad/Desktop/project zari - experimental/ml_pipeline/data/new_Dataset/pld/PLD_3_Classes_256/Testing/Late_Blight/Late_Blight_60.jpg,Potato,Potato_Late_Blight,test,Field,256,256,5,54.22,0.9411,0.9194,130,135,0.0402,True,True,True,Strategy C (Combined),A. GOOD PRIMARY LEAF MASK,NONE,ACCEPT
/home/hammad/Desktop/project zari - experimental/ml_pipeline/data/raw/plantvillage/raw/color/Potato___Early_blight/c9296b35-7b8b-4ac2-99db-07c426ec774b___RS_Early.B 6832.JPG,Potato,Potato_Early_Blight,test,Laboratory,256,256,27,50.7,0.942,0.9184,124,128,0.0221,True,True,True,Strategy C (Combined),A. GOOD PRIMARY LEAF MASK,NONE,ACCEPT
/home/hammad/Desktop/project zari - experimental/ml_pipeline/data/new_Dataset/pld/PLD_3_Classes_256/Training/Late_Blight/Late_Blight_668.jpg,Potato,Potato_Late_Blight,test,Field,256,256,7,59.01,0.9469,0.9255,129,131,0.0175,True,True,True,Strategy C (Combined),A. GOOD PRIMARY LEAF MASK,NONE,ACCEPT
/home/hammad/Desktop/project zari - experimental/ml_pipeline/data/raw/plantvillage/raw/color/Potato___healthy/774875d3-438a-4305-afe2-7d59e2925dc4___RS_HL 1759.JPG,Potato,Potato_Healthy,test,Laboratory,256,256,6,43.77,0.9324,0.9087,139,131,0.063,True,True,True,Strategy C (Combined),A. GOOD PRIMARY LEAF MASK,NONE,ACCEPT
/home/hammad/Desktop/project zari - experimental/ml_pipeline/data/new_Dataset/pld/PLD_3_Classes_256/Training/Healthy/Healthy_58.jpg,Potato,Potato_Healthy,test,Field,256,256,1,58.54,0.9456,0.9244,132,126,0.0247,True,True,True,Strategy C (Combined),A. GOOD PRIMARY LEAF MASK,NONE,ACCEPT
/home/hammad/Desktop/project zari - experimental/ml_pipeline/data/new_Dataset/pld/PLD_3_Classes_256/Training/Early_Blight/Early_Blight_1182.jpg,Potato,Potato_Early_Blight,test,Field,256,256,6,54.35,0.9453,0.9222,126,127,0.0124,True,True,True,Strategy C (Combined),A. GOOD PRIMARY LEAF MASK,NONE,ACCEPT
/home/hammad/Desktop/project zari - experimental/ml_pipeline/data/raw/plantvillage/raw/color/Potato___Early_blight/85a9856f-d5ae-4740-a038-517489a25ff5___RS_Early.B 8635.JPG,Potato,Potato_Early_Blight,test,Laboratory,256,256,6,52.2,0.942,0.919,128,123,0.0276,True,True,True,Strategy C (Combined),A. GOOD PRIMARY LEAF MASK,NONE,ACCEPT
/home/hammad/Desktop/project zari - experimental/ml_pipeline/data/raw/plantvillage/raw/color/Potato___Early_blight/3935d2ce-2d27-45ec-ab50-a53df9d30fa2___RS_Early.B 7437.JPG,Potato,Potato_Early_Blight,test,Laboratory,256,256,15,57.88,0.946,0.9243,130,131,0.0199,True,True,True,Strategy C (Combined),A. GOOD PRIMARY LEAF MASK,NONE,ACCEPT
/home/hammad/Desktop/project zari - experimental/ml_pipeline/data/new_Dataset/pld/PLD_3_Classes_256/Training/Early_Blight/Early_Blight_598.jpg,Potato,Potato_Early_Blight,test,Field,256,256,10,56.75,0.9458,0.9237,125,127,0.0175,True,True,True,Strategy C (Combined),A. GOOD PRIMARY LEAF MASK,NONE,ACCEPT
/home/hammad/Desktop/project zari - experimental/ml_pipeline/data/new_Dataset/pld/PLD_3_Classes_256/Training/Early_Blight/Early_Blight_1017.jpg,Potato,Potato_Early_Blight,test,Field,256,256,2,53.17,0.9424,0.9197,133,129,0.0282,True,True,True,Strategy C (Combined),A. GOOD PRIMARY LEAF MASK,NONE,ACCEPT
/home/hammad/Desktop/project zari - experimental/ml_pipeline/data/new_Dataset/pld/PLD_3_Classes_256/Testing/Late_Blight/Late_Blight_42.jpg,Potato,Potato_Late_Blight,test,Field,256,256,14,60.21,0.9475,0.9264,127,125,0.0175,True,True,True,Strategy C (Combined),A. GOOD PRIMARY LEAF MASK,NONE,ACCEPT
/home/hammad/Desktop/project zari - experimental/ml_pipeline/data/raw/plantvillage/raw/color/Potato___Late_blight/520c0e9a-1ba4-44fa-aa60-dcdf018a00b3___RS_LB 2850.JPG,Potato,Potato_Late_Blight,test,Laboratory,256,256,13,46.19,0.9419,0.9162,129,129,0.0078,True,True,True,Strategy C (Combined),A. GOOD PRIMARY LEAF MASK,NONE,ACCEPT
/home/hammad/Desktop/project zari - experimental/ml_pipeline/data/new_Dataset/pld/PLD_3_Classes_256/Training/Late_Blight/Late_Blight_255.jpg,Potato,Potato_Late_Blight,test,Field,256,256,5,57.48,0.9464,0.9244,130,126,0.0156,True,True,True,Strategy C (Combined),A. GOOD PRIMARY LEAF MASK,NONE,ACCEPT
/home/hammad/Desktop/project zari - experimental/ml_pipeline/data/new_Dataset/pld/PLD_3_Classes_256/Training/Late_Blight/Late_Blight_291.jpg,Potato,Potato_Late_Blight,test,Field,256,256,3,53.86,0.9365,0.9162,122,139,0.0692,True,True,True,Strategy C (Combined),A. GOOD PRIMARY LEAF MASK,NONE,ACCEPT
/home/hammad/Desktop/project zari - experimental/ml_pipeline/data/raw/plantvillage/raw/color/Potato___Early_blight/65f6e2f1-300b-42f0-bcc8-467753411947___RS_Early.B 7591.JPG,Potato,Potato_Early_Blight,test,Laboratory,256,256,11,52.17,0.9424,0.9193,132,130,0.0247,True,True,True,Strategy C (Combined),A. GOOD PRIMARY LEAF MASK,NONE,ACCEPT
/home/hammad/Desktop/project zari - experimental/ml_pipeline/data/new_Dataset/pld/PLD_3_Classes_256/Training/Early_Blight/Early_Blight_380.jpg,Potato,Potato_Early_Blight,test,Field,256,256,1,64.11,0.9502,0.9301,126,127,0.0124,True,True,True,Strategy C (Combined),A. GOOD PRIMARY LEAF MASK,NONE,ACCEPT
/home/hammad/Desktop/project zari - experimental/ml_pipeline/data/new_Dataset/pld/PLD_3_Classes_256/Training/Late_Blight/Late_Blight_167.jpg,Potato,Potato_Late_Blight,test,Field,256,256,8,53.24,0.9337,0.914,117,117,0.0859,True,True,True,Strategy C (Combined),A. GOOD PRIMARY LEAF MASK,NONE,ACCEPT
/home/hammad/Desktop/project zari - experimental/ml_pipeline/data/new_Dataset/pld/PLD_3_Classes_256/Training/Early_Blight/Early_Blight_774.jpg,Potato,Potato_Early_Blight,test,Field,256,256,1,58.95,0.9442,0.9236,123,124,0.0354,True,True,True,Strategy C (Combined),A. GOOD PRIMARY LEAF MASK,NONE,ACCEPT
/home/hammad/Desktop/project zari - experimental/ml_pipeline/data/new_Dataset/pld/PLD_3_Classes_256/Validation/Healthy/Healthy_49.jpg,Potato,Potato_Healthy,test,Field,256,256,3,63.49,0.9494,0.9292,126,126,0.0156,True,True,True,Strategy C (Combined),A. GOOD PRIMARY LEAF MASK,NONE,ACCEPT
/home/hammad/Desktop/project zari - experimental/ml_pipeline/data/raw/plantdoc/train/Potato leaf late blight/3720946948_339251cc94_z.jpg,Potato,Potato_Late_Blight,test,Laboratory,640,426,12,62.01,0.9488,0.9281,325,210,0.0149,True,True,True,Strategy C (Combined),A. GOOD PRIMARY LEAF MASK,NONE,ACCEPT
/home/hammad/Desktop/project zari - experimental/ml_pipeline/data/new_Dataset/pld/PLD_3_Classes_256/Validation/Late_Blight/Late_Blight_25.jpg,Potato,Potato_Late_Blight,test,Field,256,256,1,50.57,0.9353,0.9138,117,133,0.0668,True,True,True,Strategy C (Combined),A. GOOD PRIMARY LEAF MASK,NONE,ACCEPT
/home/hammad/Desktop/project zari - experimental/ml_pipeline/data/new_Dataset/Pepper Bell Leaf Disease/PEPPER BELL DATASET/PepperBell_Nutrition Deficiency/Nutrition Deficiency00194.JPG,Pepper,Pepper_Nutrition_Deficiency,test,Field,1000,1000,7,63.65,0.9518,0.9309,500,500,0.0,True,True,True,Strategy C (Combined),A. GOOD PRIMARY LEAF MASK,NONE,ACCEPT
"/home/hammad/Desktop/project zari - experimental/ml_pipeline/data/raw/plantvillage/raw/color/Pepper,_bell___healthy/bb635efc-e910-47b7-8718-caaf78036b84___JR_HL 8151.JPG",Pepper,Pepper_Healthy,test,Laboratory,256,256,11,48.91,0.9378,0.9147,129,136,0.0445,True,True,True,Strategy C (Combined),A. GOOD PRIMARY LEAF MASK,NONE,ACCEPT
/home/hammad/Desktop/project zari - experimental/ml_pipeline/data/new_Dataset/Pepper Bell Leaf Disease/PEPPER BELL DATASET/PepperBell_Bacterial Spot/pepper_bell_bacterial_spot2036.jpg,Pepper,Pepper_Bacterial_Spot,test,Field,256,256,15,47.58,0.9396,0.9153,128,133,0.0276,True,True,True,Strategy C (Combined),A. GOOD PRIMARY LEAF MASK,NONE,ACCEPT
/home/hammad/Desktop/project zari - experimental/ml_pipeline/data/new_Dataset/Pepper Bell Leaf Disease/PEPPER BELL DATASET/PepperBell_Bacterial Spot/8695a15f-cdb4-444f-817b-7f4fc22a7a7a___NREC_B.Spot_9230_180deg.JPG,Pepper,Pepper_Bacterial_Spot,test,Field,256,256,17,48.49,0.939,0.9153,130,122,0.0349,True,True,True,Strategy C (Combined),A. GOOD PRIMARY LEAF MASK,NONE,ACCEPT
"/home/hammad/Desktop/project zari - experimental/ml_pipeline/data/raw/plantvillage/raw/color/Pepper,_bell___Bacterial_spot/92539ab8-1ccd-43c8-8b1a-d734a031eb5a___JR_B.Spot 3186.JPG",Pepper,Pepper_Bacterial_Spot,test,Laboratory,256,256,1,53.38,0.9402,0.9184,134,123,0.0431,True,True,True,Strategy C (Combined),A. GOOD PRIMARY LEAF MASK,NONE,ACCEPT
"/home/hammad/Desktop/project zari - experimental/ml_pipeline/data/raw/plantvillage/raw/color/Pepper,_bell___healthy/f34f9754-9f8f-4f0e-952a-1fedcb96a727___JR_HL 7594.JPG",Pepper,Pepper_Healthy,test,Laboratory,256,256,24,49.93,0.9349,0.9132,130,140,0.0672,True,True,True,Strategy C (Combined),A. GOOD PRIMARY LEAF MASK,NONE,ACCEPT
ml_pipeline/data/new_Dataset/Pepper Bell Leaf Disease/PEPPER BELL DATASET/PepperBell_Bacterial Spot/993094d0-de25-4e57-9fa3-4a92b3464e32___NREC_B.Spot_1939_flipTB.JPG,Pepper,Pepper_Bacterial_Spot,test,Laboratory,256,256,8,56.62,0.9407,0.9202,121,134,0.0509,True,True,True,Strategy C (Combined),A. GOOD PRIMARY LEAF MASK,NONE,ACCEPT
"/home/hammad/Desktop/project zari - experimental/ml_pipeline/data/raw/plantvillage/raw/color/Pepper,_bell___Bacterial_spot/975b25df-a4d7-4aca-b1b9-312487544eaa___JR_B.Spot 8830.JPG",Pepper,Pepper_Bacterial_Spot,test,Laboratory,256,256,4,36.73,0.9046,0.8869,91,145,0.2249,True,True,True,Strategy C (Combined),A. GOOD PRIMARY LEAF MASK,NONE,ACCEPT
/home/hammad/Desktop/project zari - experimental/ml_pipeline/data/new_Dataset/Pepper Bell Leaf Disease/PEPPER BELL DATASET/PepperBell_Nutrition Deficiency/Nutrition Deficiency00322.JPG,Pepper,Pepper_Nutrition_Deficiency,test,Field,1000,1000,35,63.06,0.9509,0.93,499,497,0.0045,True,True,True,Strategy C (Combined),A. GOOD PRIMARY LEAF MASK,NONE,ACCEPT
"/home/hammad/Desktop/project zari - experimental/ml_pipeline/data/raw/plantvillage/raw/color/Pepper,_bell___Bacterial_spot/4040f0a8-b1e5-47e9-b8ad-521818bf8c52___NREC_B.Spot 9202.JPG",Pepper,Pepper_Bacterial_Spot,test,Laboratory,256,256,6,50.57,0.9361,0.9144,127,139,0.061,True,True,True,Strategy C (Combined),A. GOOD PRIMARY LEAF MASK,NONE,ACCEPT
/home/hammad/Desktop/project zari - experimental/ml_pipeline/data/new_Dataset/Pepper Bell Leaf Disease/PEPPER BELL DATASET/PepperBell_Cercospora Leaf Spot/1054__roi_backremoved.jpg,Pepper,Pepper_Cercospora_Leaf_Spot,test,Field,895,1699,1,44.86,0.9389,0.9135,442,876,0.0237,True,True,True,Strategy C (Combined),A. GOOD PRIMARY LEAF MASK,NONE,ACCEPT
"/home/hammad/Desktop/project zari - experimental/ml_pipeline/data/raw/plantvillage/raw/color/Pepper,_bell___healthy/c3b2554c-1408-445d-8f08-fae1b240b930___JR_HL 5956.JPG",Pepper,Pepper_Healthy,test,Laboratory,256,256,13,48.84,0.9336,0.9119,128,141,0.0718,True,True,True,Strategy C (Combined),A. GOOD PRIMARY LEAF MASK,NONE,ACCEPT
ml_pipeline/data/new_Dataset/Pepper Bell Leaf Disease/PEPPER BELL DATASET/PepperBell_Bacterial Spot/4777008f-3144-44df-b230-e94725e711d2___NREC_B.Spot_1979_flipTB.JPG,Pepper,Pepper_Bacterial_Spot,test,Laboratory,256,256,3,62.92,0.9496,0.9291,126,127,0.0124,True,True,True,Strategy C (Combined),A. GOOD PRIMARY LEAF MASK,NONE,ACCEPT
/home/hammad/Desktop/project zari - experimental/ml_pipeline/data/new_Dataset/Pepper Bell Leaf Disease/PEPPER BELL DATASET/PepperBell_Cercospora Leaf Spot/1428__roi_backremoved.jpg,Pepper,Pepper_Cercospora_Leaf_Spot,test,Field,821,1605,2,44.05,0.9286,0.9063,431,896,0.0896,True,True,True,Strategy C (Combined),A. GOOD PRIMARY LEAF MASK,NONE,ACCEPT
/home/hammad/Desktop/project zari - experimental/ml_pipeline/data/new_Dataset/Pepper Bell Leaf Disease/PEPPER BELL DATASET/PepperBell_Bacterial Spot/pepper_bell_bacterial_spot141.jpg,Pepper,Pepper_Bacterial_Spot,test,Field,256,256,15,44.7,0.9371,0.9123,130,122,0.0349,True,True,True,Strategy C (Combined),A. GOOD PRIMARY LEAF MASK,NONE,ACCEPT
"/home/hammad/Desktop/project zari - experimental/ml_pipeline/data/raw/plantvillage/raw/color/Pepper,_bell___healthy/d44e4a80-d921-4792-8a5f-121c84951a7b___JR_HL 8309.JPG",Pepper,Pepper_Healthy,test,Laboratory,256,256,36,49.03,0.9429,0.9181,130,128,0.011,True,True,True,Strategy C (Combined),A. GOOD PRIMARY LEAF MASK,NONE,ACCEPT
ml_pipeline/data/new_Dataset/Pepper Bell Leaf Disease/PEPPER BELL DATASET/PepperBell_Bacterial Spot/d13cfcd6-79ac-48c9-9e88-931982463214___NREC_B.Spot_1895_flipTB.JPG,Pepper,Pepper_Bacterial_Spot,test,Laboratory,256,256,7,60.25,0.946,0.9254,125,132,0.0276,True,True,True,Strategy C (Combined),A. GOOD PRIMARY LEAF MASK,NONE,ACCEPT
/home/hammad/Desktop/project zari - experimental/ml_pipeline/data/new_Dataset/Pepper Bell Leaf Disease/PEPPER BELL DATASET/PepperBell_Cercospora Leaf Spot/555__roi_backremoved.jpg,Pepper,Pepper_Cercospora_Leaf_Spot,test,Field,1050,2194,1,46.97,0.9343,0.9115,539,1187,0.061,True,True,True,Strategy C (Combined),A. GOOD PRIMARY LEAF MASK,NONE,ACCEPT
/home/hammad/Desktop/project zari - experimental/ml_pipeline/data/new_Dataset/Pepper Bell Leaf Disease/PEPPER BELL DATASET/PepperBell_Nutrition Deficiency/Nutrition Deficiency00265.JPG,Pepper,Pepper_Nutrition_Deficiency,test,Field,1000,1000,8,63.75,0.9517,0.9309,499,500,0.0014,True,True,True,Strategy C (Combined),A. GOOD PRIMARY LEAF MASK,NONE,ACCEPT
/home/hammad/Desktop/project zari - experimental/ml_pipeline/data/new_Dataset/Pepper Bell Leaf Disease/PEPPER BELL DATASET/PepperBell_Bacterial Spot/pepper_bell_bacterial_spot2174.jpg,Pepper,Pepper_Bacterial_Spot,test,Field,256,256,9,53.86,0.9377,0.9169,133,118,0.0618,True,True,True,Strategy C (Combined),A. GOOD PRIMARY LEAF MASK,NONE,ACCEPT
/home/hammad/Desktop/project zari - experimental/ml_pipeline/data/new_Dataset/Pepper Bell Leaf Disease/PEPPER BELL DATASET/PepperBell_Cercospora Leaf Spot/1055__roi_backremoved.jpg,Pepper,Pepper_Cercospora_Leaf_Spot,test,Field,1162,2305,1,44.18,0.9251,0.904,579,1337,0.1132,True,True,True,Strategy C (Combined),A. GOOD PRIMARY LEAF MASK,NONE,ACCEPT
"/home/hammad/Desktop/project zari - experimental/ml_pipeline/data/raw/plantvillage/raw/color/Pepper,_bell___healthy/03396fd1-be05-40a7-81b2-67000e77d479___JR_HL 8721.JPG",Pepper,Pepper_Healthy,test,Laboratory,256,256,5,46.25,0.9274,0.9065,129,147,0.1051,True,True,True,Strategy C (Combined),A. GOOD PRIMARY LEAF MASK,NONE,ACCEPT
"/home/hammad/Desktop/project zari - experimental/ml_pipeline/data/raw/plantvillage/raw/color/Pepper,_bell___Bacterial_spot/99459f72-cff7-48d1-bc22-f50f61a4abd6___NREC_B.Spot 9067.JPG",Pepper,Pepper_Bacterial_Spot,test,Laboratory,256,256,10,48.65,0.9425,0.9177,126,127,0.0124,True,True,True,Strategy C (Combined),A. GOOD PRIMARY LEAF MASK,NONE,ACCEPT
/home/hammad/Desktop/project zari - experimental/ml_pipeline/data/new_Dataset/Pepper Bell Leaf Disease/PEPPER BELL DATASET/PepperBell_Cercospora Leaf Spot/1689__roi_backremoved.jpg,Pepper,Pepper_Cercospora_Leaf_Spot,test,Field,756,1792,1,32.89,0.9332,0.9042,387,913,0.0215,True,True,True,Strategy C (Combined),A. GOOD PRIMARY LEAF MASK,NONE,ACCEPT
"/home/hammad/Desktop/project zari - experimental/ml_pipeline/data/raw/plantvillage/raw/color/Pepper,_bell___healthy/b91d515b-9f44-4a63-aa2b-e7b3f2ea0fec___JR_HL 8312.JPG",Pepper,Pepper_Healthy,test,Laboratory,256,256,9,52.66,0.938,0.9166,129,138,0.0555,True,True,True,Strategy C (Combined),A. GOOD PRIMARY LEAF MASK,NONE,ACCEPT
/home/hammad/Desktop/project zari - experimental/ml_pipeline/data/new_Dataset/Pepper Bell Leaf Disease/PEPPER BELL DATASET/PepperBell_Cercospora Leaf Spot/1195__roi_backremoved.jpg,Pepper,Pepper_Cercospora_Leaf_Spot,test,Field,826,1691,1,41.28,0.9272,0.9041,432,945,0.0893,True,True,True,Strategy C (Combined),A. GOOD PRIMARY LEAF MASK,NONE,ACCEPT
/home/hammad/Desktop/project zari - experimental/ml_pipeline/data/new_Dataset/Pepper Bell Leaf Disease/PEPPER BELL DATASET/PepperBell_Bacterial Spot/pepper_bell_bacterial_spot2123.jpg,Pepper,Pepper_Bacterial_Spot,test,Field,256,256,16,42.28,0.9353,0.91,128,135,0.0387,True,True,True,Strategy C (Combined),A. GOOD PRIMARY LEAF MASK,NONE,ACCEPT
/home/hammad/Desktop/project zari - experimental/ml_pipeline/data/new_Dataset/Pepper Bell Leaf Disease/PEPPER BELL DATASET/PepperBell_Cercospora Leaf Spot/623__roi_backremoved.jpg,Pepper,Pepper_Cercospora_Leaf_Spot,test,Field,982,2366,7,49.47,0.9406,0.9168,504,1217,0.0276,True,True,True,Strategy C (Combined),A. GOOD PRIMARY LEAF MASK,NONE,ACCEPT
/home/hammad/Desktop/project zari - experimental/ml_pipeline/data/new_Dataset/Pepper Bell Leaf Disease/PEPPER BELL DATASET/PepperBell_Cercospora Leaf Spot/1088__roi_backremoved.jpg,Pepper,Pepper_Cercospora_Leaf_Spot,test,Field,842,1496,1,43.08,0.9254,0.9037,413,861,0.1077,True,True,True,Strategy C (Combined),A. GOOD PRIMARY LEAF MASK,NONE,ACCEPT
/home/hammad/Desktop/project zari - experimental/ml_pipeline/data/new_Dataset/Pepper Bell Leaf Disease/PEPPER BELL DATASET/PepperBell_Cercospora Leaf Spot/350__roi_backremoved.jpg,Pepper,Pepper_Cercospora_Leaf_Spot,test,Field,1237,2112,1,47.64,0.9408,0.9161,633,1073,0.0201,True,True,True,Strategy C (Combined),A. GOOD PRIMARY LEAF MASK,NONE,ACCEPT
/home/hammad/Desktop/project zari - experimental/ml_pipeline/data/new_Dataset/Pepper Bell Leaf Disease/PEPPER BELL DATASET/PepperBell_Bacterial Spot/pepper_bell_bacterial_spot1712.jpg,Pepper,Pepper_Bacterial_Spot,test,Field,256,256,25,48.54,0.9342,0.9121,126,116,0.0672,True,True,True,Strategy C (Combined),A. GOOD PRIMARY LEAF MASK,NONE,ACCEPT
/home/hammad/Desktop/project zari - experimental/ml_pipeline/data/new_Dataset/Pepper Bell Leaf Disease/PEPPER BELL DATASET/PepperBell_Cercospora Leaf Spot/1482__roi_backremoved.jpg,Pepper,Pepper_Cercospora_Leaf_Spot,test,Field,882,1269,5,43.96,0.9358,0.9111,463,653,0.0409,True,True,True,Strategy C (Combined),A. GOOD PRIMARY LEAF MASK,NONE,ACCEPT
"/home/hammad/Desktop/project zari - experimental/ml_pipeline/data/raw/plantvillage/raw/color/Pepper,_bell___healthy/0414429e-4295-4216-b2ed-96b21cb35928___JR_HL 8250.JPG",Pepper,Pepper_Healthy,test,Laboratory,256,256,1,50.55,0.934,0.9129,132,141,0.0751,True,True,True,Strategy C (Combined),A. GOOD PRIMARY LEAF MASK,NONE,ACCEPT
/home/hammad/Desktop/project zari - experimental/ml_pipeline/data/new_Dataset/Pepper Bell Leaf Disease/PEPPER BELL DATASET/PepperBell_Bacterial Spot/pepper_bell_bacterial_spot2061.jpg,Pepper,Pepper_Bacterial_Spot,test,Field,256,256,9,52.85,0.9414,0.9189,122,127,0.0336,True,True,True,Strategy C (Combined),A. GOOD PRIMARY LEAF MASK,NONE,ACCEPT
/home/hammad/Desktop/project zari - experimental/ml_pipeline/data/new_Dataset/Pepper Bell Leaf Disease/PEPPER BELL DATASET/PepperBell_Bacterial Spot/pepper_bell_bacterial_spot1281.jpg,Pepper,Pepper_Bacterial_Spot,test,Field,256,256,25,41.4,0.939,0.912,130,128,0.011,True,True,True,Strategy C (Combined),A. GOOD PRIMARY LEAF MASK,NONE,ACCEPT
"/home/hammad/Desktop/project zari - experimental/ml_pipeline/data/raw/plantvillage/raw/color/Pepper,_bell___healthy/14a8f40d-e1b2-4d17-8bf1-c16c56f48d4c___JR_HL 8239.JPG",Pepper,Pepper_Healthy,test,Laboratory,256,256,1,40.89,0.937,0.9104,127,132,0.0228,True,True,True,Strategy C (Combined),A. GOOD PRIMARY LEAF MASK,NONE,ACCEPT
"/home/hammad/Desktop/project zari - experimental/ml_pipeline/data/raw/plantvillage/raw/color/Pepper,_bell___healthy/7cb1f036-bf36-4271-a765-86e575664f3c___JR_HL 8075.JPG",Pepper,Pepper_Healthy,test,Laboratory,256,256,3,51.32,0.9385,0.9163,133,135,0.0475,True,True,True,Strategy C (Combined),A. GOOD PRIMARY LEAF MASK,NONE,ACCEPT
"/home/hammad/Desktop/project zari - experimental/ml_pipeline/data/raw/plantvillage/raw/color/Pepper,_bell___Bacterial_spot/4d20e159-894a-4718-a9f8-e866e7c5a3d9___JR_B.Spot 9025.JPG",Pepper,Pepper_Bacterial_Spot,test,Laboratory,256,256,61,41.69,0.9316,0.9072,126,139,0.0618,True,True,True,Strategy C (Combined),A. GOOD PRIMARY LEAF MASK,NONE,ACCEPT
ml_pipeline/data/new_Dataset/Pepper Bell Leaf Disease/PEPPER BELL DATASET/PepperBell_Bacterial Spot/c1fbd9ca-229b-4171-8e0c-272c703516a6___JR_B.Spot_3301_flipTB.JPG,Pepper,Pepper_Bacterial_Spot,test,Laboratory,256,256,16,42.5,0.9352,0.91,126,135,0.0402,True,True,True,Strategy C (Combined),A. GOOD PRIMARY LEAF MASK,NONE,ACCEPT
/home/hammad/Desktop/project zari - experimental/ml_pipeline/data/new_Dataset/Pepper Bell Leaf Disease/PEPPER BELL DATASET/PepperBell_Bacterial Spot/pepper_bell_bacterial_spot669.jpg,Pepper,Pepper_Bacterial_Spot,test,Field,256,256,19,45.83,0.9288,0.9073,120,143,0.0939,True,True,True,Strategy C (Combined),A. GOOD PRIMARY LEAF MASK,NONE,ACCEPT
"/home/hammad/Desktop/project zari - experimental/ml_pipeline/data/raw/plantvillage/raw/color/Pepper,_bell___healthy/38a78908-7a67-47ac-9f08-43cdd3f17fc8___JR_HL 6010.JPG",Pepper,Pepper_Healthy,test,Laboratory,256,256,26,44.75,0.9334,0.9098,118,132,0.0595,True,True,True,Strategy C (Combined),A. GOOD PRIMARY LEAF MASK,NONE,ACCEPT
"/home/hammad/Desktop/project zari - experimental/ml_pipeline/data/raw/plantvillage/raw/color/Pepper,_bell___Bacterial_spot/c66fe682-9e42-4343-a4d4-add4d6244859___NREC_B.Spot 9131.JPG",Pepper,Pepper_Bacterial_Spot,test,Laboratory,256,256,13,44.98,0.9298,0.9075,125,143,0.0845,True,True,True,Strategy C (Combined),A. GOOD PRIMARY LEAF MASK,NONE,ACCEPT
/home/hammad/Desktop/project zari - experimental/ml_pipeline/data/new_Dataset/Pepper Bell Leaf Disease/PEPPER BELL DATASET/PepperBell_Cercospora Leaf Spot/457__roi_backremoved.jpg,Pepper,Pepper_Cercospora_Leaf_Spot,test,Field,1433,2588,1,51.4,0.9452,0.9208,720,1293,0.0035,True,True,True,Strategy C (Combined),A. GOOD PRIMARY LEAF MASK,NONE,ACCEPT
/home/hammad/Desktop/project zari - experimental/ml_pipeline/data/new_Dataset/Pepper Bell Leaf Disease/PEPPER BELL DATASET/PepperBell_Cercospora Leaf Spot/1444__roi_backremoved.jpg,Pepper,Pepper_Cercospora_Leaf_Spot,test,Field,787,1852,1,35.11,0.9192,0.8958,408,1083,0.1227,True,True,True,Strategy C (Combined),A. GOOD PRIMARY LEAF MASK,NONE,ACCEPT
ml_pipeline/data/new_Dataset/Pepper Bell Leaf Disease/PEPPER BELL DATASET/PepperBell_Bacterial Spot/afd0c913-1e90-4ff9-9a61-bd0a5297c012___JR_B.Spot_3221_flipTB.JPG,Pepper,Pepper_Bacterial_Spot,test,Laboratory,256,256,13,50.69,0.9409,0.9176,130,123,0.0297,True,True,True,Strategy C (Combined),A. GOOD PRIMARY LEAF MASK,NONE,ACCEPT
/home/hammad/Desktop/project zari - experimental/ml_pipeline/data/new_Dataset/Pepper Bell Leaf Disease/PEPPER BELL DATASET/PepperBell_Cercospora Leaf Spot/31__roi_backremoved.jpg,Pepper,Pepper_Cercospora_Leaf_Spot,test,Field,948,1782,3,39.72,0.9232,0.9006,432,1007,0.1114,True,True,True,Strategy C (Combined),A. GOOD PRIMARY LEAF MASK,NONE,ACCEPT
/home/hammad/Desktop/project zari - experimental/ml_pipeline/data/new_Dataset/Pepper Bell Leaf Disease/PEPPER BELL DATASET/PepperBell_Bacterial Spot/pepper_bell_bacterial_spot47.jpg,Pepper,Pepper_Bacterial_Spot,test,Field,256,256,3,43.35,0.9309,0.9075,123,140,0.0718,True,True,True,Strategy C (Combined),A. GOOD PRIMARY LEAF MASK,NONE,ACCEPT
/home/hammad/Desktop/project zari - experimental/ml_pipeline/data/new_Dataset/Pepper Bell Leaf Disease/PEPPER BELL DATASET/PepperBell_Nutrition Deficiency/Nutrition Deficiency00250.JPG,Pepper,Pepper_Nutrition_Deficiency,test,Field,1000,1000,5,63.93,0.9517,0.9309,499,499,0.002,True,True,True,Strategy C (Combined),A. GOOD PRIMARY LEAF MASK,NONE,ACCEPT
"/home/hammad/Desktop/project zari - experimental/ml_pipeline/data/raw/plantvillage/raw/color/Pepper,_bell___Bacterial_spot/30956fb2-aec3-4e1d-bc10-ead8d1bd9c03___NREC_B.Spot 1835.JPG",Pepper,Pepper_Bacterial_Spot,test,Laboratory,256,256,8,58.86,0.9441,0.9236,133,124,0.0354,True,True,True,Strategy C (Combined),A. GOOD PRIMARY LEAF MASK,NONE,ACCEPT
ml_pipeline/data/new_Dataset/Pepper Bell Leaf Disease/PEPPER BELL DATASET/PepperBell_Bacterial Spot/ceaabee8-4555-498b-a7ba-b5f96c4cfdcc___JR_B.Spot_3160_flipTB.JPG,Pepper,Pepper_Bacterial_Spot,test,Laboratory,256,256,15,41.73,0.9356,0.9098,123,124,0.0354,True,True,True,Strategy C (Combined),A. GOOD PRIMARY LEAF MASK,NONE,ACCEPT
/home/hammad/Desktop/project zari - experimental/ml_pipeline/data/new_Dataset/Pepper Bell Leaf Disease/PEPPER BELL DATASET/PepperBell_Powdery Mildew/White spot00055.JPG,Pepper,Pepper_Powdery_Mildew,test,Field,1000,1000,629,25.13,0.8853,0.8686,540,719,0.3148,True,False,False,Strategy C (Combined),A. GOOD PRIMARY LEAF MASK,NONE,ACCEPT
/home/hammad/Desktop/project zari - experimental/ml_pipeline/data/new_Dataset/Pepper Bell Leaf Disease/PEPPER BELL DATASET/PepperBell_Cercospora Leaf Spot/images (9).jpg,Pepper,Pepper_Cercospora_Leaf_Spot,test,Field,225,225,3,62.58,0.948,0.9278,110,110,0.0222,True,True,True,Strategy C (Combined),A. GOOD PRIMARY LEAF MASK,NONE,ACCEPT
"/home/hammad/Desktop/project zari - experimental/ml_pipeline/data/raw/plantvillage/raw/color/Pepper,_bell___Bacterial_spot/e3f81cee-198e-42d8-b970-b950c09af898___JR_B.Spot 8997.JPG",Pepper,Pepper_Bacterial_Spot,test,Laboratory,256,256,23,46.83,0.939,0.9145,130,133,0.0297,True,True,True,Strategy C (Combined),A. GOOD PRIMARY LEAF MASK,NONE,ACCEPT
/home/hammad/Desktop/project zari - experimental/ml_pipeline/data/new_Dataset/Pepper Bell Leaf Disease/PEPPER BELL DATASET/PepperBell_Cercospora Leaf Spot/721__roi_backremoved.jpg,Pepper,Pepper_Cercospora_Leaf_Spot,test,Field,1006,1797,1,48.15,0.9271,0.9072,539,1027,0.1131,True,True,True,Strategy C (Combined),A. GOOD PRIMARY LEAF MASK,NONE,ACCEPT
ml_pipeline/data/new_Dataset/Pepper Bell Leaf Disease/PEPPER BELL DATASET/PepperBell_Bacterial Spot/a15291c3-e639-42d5-b22d-ed147c6453be___JR_B.Spot_3134_flipTB.JPG,Pepper,Pepper_Bacterial_Spot,test,Laboratory,256,256,20,49.43,0.9403,0.9166,126,123,0.0297,True,True,True,Strategy C (Combined),A. GOOD PRIMARY LEAF MASK,NONE,ACCEPT
ml_pipeline/data/new_Dataset/Pepper Bell Leaf Disease/PEPPER BELL DATASET/PepperBell_Bacterial Spot/33763f26-1135-458f-8b2b-34897b8bb647___JR_B.Spot_3323_flipTB.JPG,Pepper,Pepper_Bacterial_Spot,test,Laboratory,256,256,30,47.67,0.9256,0.906,129,106,0.1217,True,True,True,Strategy C (Combined),A. GOOD PRIMARY LEAF MASK,NONE,ACCEPT
/home/hammad/Desktop/project zari - experimental/ml_pipeline/data/new_Dataset/Pepper Bell Leaf Disease/PEPPER BELL DATASET/PepperBell_Nutrition Deficiency/Nutrition Deficiency00198.JPG,Pepper,Pepper_Nutrition_Deficiency,test,Field,1000,1000,10,63.22,0.9502,0.9297,496,495,0.0091,True,True,True,Strategy C (Combined),A. GOOD PRIMARY LEAF MASK,NONE,ACCEPT
/home/hammad/Desktop/project zari - experimental/ml_pipeline/data/new_Dataset/Pepper Bell Leaf Disease/PEPPER BELL DATASET/PepperBell_Cercospora Leaf Spot/459__roi_backremoved.jpg,Pepper,Pepper_Cercospora_Leaf_Spot,test,Field,871,1547,1,45.1,0.9364,0.912,437,818,0.0408,True,True,True,Strategy C (Combined),A. GOOD PRIMARY LEAF MASK,NONE,ACCEPT
"/home/hammad/Desktop/project zari - experimental/ml_pipeline/data/raw/plantvillage/raw/color/Pepper,_bell___healthy/fe0d5adf-1935-45a9-b2ff-37b00d7421f8___JR_HL 7737.JPG",Pepper,Pepper_Healthy,test,Laboratory,256,256,11,53.73,0.9426,0.9202,133,127,0.0282,True,True,True,Strategy C (Combined),A. GOOD PRIMARY LEAF MASK,NONE,ACCEPT
/home/hammad/Desktop/project zari - experimental/ml_pipeline/data/new_Dataset/Pepper Bell Leaf Disease/PEPPER BELL DATASET/PepperBell_Bacterial Spot/pepper_bell_bacterial_spot1409.jpg,Pepper,Pepper_Bacterial_Spot,test,Field,256,256,4,58.47,0.9428,0.9225,133,134,0.0431,True,True,True,Strategy C (Combined),A. GOOD PRIMARY LEAF MASK,NONE,ACCEPT
"/home/hammad/Desktop/project zari - experimental/ml_pipeline/data/raw/plantvillage/raw/color/Pepper,_bell___Bacterial_spot/b1c60a36-0aa1-4051-8dfe-db3ab7feeb39___JR_B.Spot 3406.JPG",Pepper,Pepper_Bacterial_Spot,test,Laboratory,256,256,6,47.49,0.9331,0.9109,136,138,0.0707,True,True,True,Strategy C (Combined),A. GOOD PRIMARY LEAF MASK,NONE,ACCEPT
/home/hammad/Desktop/project zari - experimental/ml_pipeline/data/new_Dataset/Pepper Bell Leaf Disease/PEPPER BELL DATASET/PepperBell_Bacterial Spot/836b4b9e-85d5-47bc-ad93-9ab31b07be3d___JR_B.Spot_3361_180deg.JPG,Pepper,Pepper_Bacterial_Spot,test,Field,256,256,7,48.76,0.941,0.9167,127,124,0.0228,True,True,True,Strategy C (Combined),A. GOOD PRIMARY LEAF MASK,NONE,ACCEPT
/home/hammad/Desktop/project zari - experimental/ml_pipeline/data/new_Dataset/Pepper Bell Leaf Disease/PEPPER BELL DATASET/PepperBell_Bacterial Spot/pepper_bell_bacterial_spot1047.jpg,Pepper,Pepper_Bacterial_Spot,test,Field,256,256,12,50.16,0.9443,0.9196,129,128,0.0055,True,True,True,Strategy C (Combined),A. GOOD PRIMARY LEAF MASK,NONE,ACCEPT
/home/hammad/Desktop/project zari - experimental/ml_pipeline/data/new_Dataset/Pepper Bell Leaf Disease/PEPPER BELL DATASET/PepperBell_Bacterial Spot/pepper_bell_bacterial_spot2055.jpg,Pepper,Pepper_Bacterial_Spot,test,Field,256,256,11,48.74,0.9299,0.9093,119,143,0.0966,True,True,True,Strategy C (Combined),A. GOOD PRIMARY LEAF MASK,NONE,ACCEPT
/home/hammad/Desktop/project zari - experimental/ml_pipeline/data/new_Dataset/Pepper Bell Leaf Disease/PEPPER BELL DATASET/PepperBell_Bacterial Spot/pepper_bell_bacterial_spot2487.jpg,Pepper,Pepper_Bacterial_Spot,test,Field,256,256,9,48.75,0.9365,0.9138,137,131,0.0524,True,True,True,Strategy C (Combined),A. GOOD PRIMARY LEAF MASK,NONE,ACCEPT
"/home/hammad/Desktop/project zari - experimental/ml_pipeline/data/raw/plantvillage/raw/color/Pepper,_bell___Bacterial_spot/95acdbc4-f47e-445b-9dca-f194911f9cb3___JR_B.Spot 3283.JPG",Pepper,Pepper_Bacterial_Spot,test,Laboratory,256,256,26,45.12,0.9293,0.9072,129,112,0.0886,True,True,True,Strategy C (Combined),A. GOOD PRIMARY LEAF MASK,NONE,ACCEPT
/home/hammad/Desktop/project zari - experimental/ml_pipeline/data/new_Dataset/Pepper Bell Leaf Disease/PEPPER BELL DATASET/PepperBell_Bacterial Spot/pepper_bell_bacterial_spot1098.jpg,Pepper,Pepper_Bacterial_Spot,test,Field,256,256,2,61.73,0.9497,0.9286,127,129,0.0078,True,True,True,Strategy C (Combined),A. GOOD PRIMARY LEAF MASK,NONE,ACCEPT
/home/hammad/Desktop/project zari - experimental/ml_pipeline/data/new_Dataset/Pepper Bell Leaf Disease/PEPPER BELL DATASET/PepperBell_Bacterial Spot/pepper_bell_bacterial_spot1595.jpg,Pepper,Pepper_Bacterial_Spot,test,Field,256,256,5,55.09,0.9397,0.9188,137,125,0.0524,True,True,True,Strategy C (Combined),A. GOOD PRIMARY LEAF MASK,NONE,ACCEPT
/home/hammad/Desktop/project zari - experimental/ml_pipeline/data/new_Dataset/Pepper Bell Leaf Disease/PEPPER BELL DATASET/PepperBell_Bacterial Spot/pepper_bell_bacterial_spot2511.jpg,Pepper,Pepper_Bacterial_Spot,test,Field,256,256,37,52.44,0.9381,0.9165,137,132,0.0544,True,True,True,Strategy C (Combined),A. GOOD PRIMARY LEAF MASK,NONE,ACCEPT
ml_pipeline/data/new_Dataset/Pepper Bell Leaf Disease/PEPPER BELL DATASET/PepperBell_Bacterial Spot/ad921dec-e88f-41d8-9455-0880c69063fc___NREC_B.Spot_9216_flipTB.JPG,Pepper,Pepper_Bacterial_Spot,test,Laboratory,256,256,5,50.8,0.938,0.9157,132,120,0.0494,True,True,True,Strategy C (Combined),A. GOOD PRIMARY LEAF MASK,NONE,ACCEPT
/home/hammad/Desktop/project zari - experimental/ml_pipeline/data/new_Dataset/Pepper Bell Leaf Disease/PEPPER BELL DATASET/PepperBell_Bacterial Spot/pepper_bell_bacterial_spot657.jpg,Pepper,Pepper_Bacterial_Spot,test,Field,256,256,18,48.8,0.9325,0.9111,120,140,0.0797,True,True,True,Strategy C (Combined),A. GOOD PRIMARY LEAF MASK,NONE,ACCEPT
/home/hammad/Desktop/project zari - experimental/ml_pipeline/data/new_Dataset/Pepper Bell Leaf Disease/PEPPER BELL DATASET/PepperBell_Powdery Mildew/White spot00161.JPG,Pepper,Pepper_Powdery_Mildew,test,Field,1000,1000,357,50.91,0.9418,0.9183,487,511,0.0241,True,True,True,Strategy C (Combined),A. GOOD PRIMARY LEAF MASK,NONE,ACCEPT
/home/hammad/Desktop/project zari - experimental/ml_pipeline/data/new_Dataset/Pepper Bell Leaf Disease/PEPPER BELL DATASET/PepperBell_Cercospora Leaf Spot/1148__roi_backremoved.jpg,Pepper,Pepper_Cercospora_Leaf_Spot,test,Field,884,1550,1,40.29,0.9246,0.9019,453,887,0.1037,True,True,True,Strategy C (Combined),A. GOOD PRIMARY LEAF MASK,NONE,ACCEPT
/home/hammad/Desktop/project zari - experimental/ml_pipeline/data/new_Dataset/Pepper Bell Leaf Disease/PEPPER BELL DATASET/PepperBell_Cercospora Leaf Spot/374__roi_backremoved.jpg,Pepper,Pepper_Cercospora_Leaf_Spot,test,Field,1160,2551,1,42.79,0.9363,0.9109,607,1289,0.0338,True,True,True,Strategy C (Combined),A. GOOD PRIMARY LEAF MASK,NONE,ACCEPT
/home/hammad/Desktop/project zari - experimental/ml_pipeline/data/new_Dataset/Pepper Bell Leaf Disease/PEPPER BELL DATASET/PepperBell_Bacterial Spot/pepper_bell_bacterial_spot326.jpg,Pepper,Pepper_Bacterial_Spot,test,Field,256,256,11,45.86,0.9359,0.912,131,120,0.0472,True,True,True,Strategy C (Combined),A. GOOD PRIMARY LEAF MASK,NONE,ACCEPT
"/home/hammad/Desktop/project zari - experimental/ml_pipeline/data/raw/plantvillage/raw/color/Pepper,_bell___Bacterial_spot/66d4cd59-bc59-49cc-9a94-dafa07318fb4___JR_B.Spot 8975.JPG",Pepper,Pepper_Bacterial_Spot,test,Laboratory,256,256,19,50.08,0.9326,0.9118,128,143,0.0829,True,True,True,Strategy C (Combined),A. GOOD PRIMARY LEAF MASK,NONE,ACCEPT
/home/hammad/Desktop/project zari - experimental/ml_pipeline/data/new_Dataset/Pepper Bell Leaf Disease/PEPPER BELL DATASET/PepperBell_Bacterial Spot/pepper_bell_bacterial_spot209.jpg,Pepper,Pepper_Bacterial_Spot,test,Field,256,256,6,51.96,0.9333,0.9131,125,113,0.0845,True,True,True,Strategy C (Combined),A. GOOD PRIMARY LEAF MASK,NONE,ACCEPT
/home/hammad/Desktop/project zari - experimental/ml_pipeline/data/new_Dataset/Pepper Bell Leaf Disease/PEPPER BELL DATASET/PepperBell_Bacterial Spot/pepper_bell_bacterial_spot416.jpg,Pepper,Pepper_Bacterial_Spot,test,Field,256,256,5,42.74,0.9372,0.9114,123,128,0.0276,True,True,True,Strategy C (Combined),A. GOOD PRIMARY LEAF MASK,NONE,ACCEPT
/home/hammad/Desktop/project zari - experimental/ml_pipeline/data/new_Dataset/Pepper Bell Leaf Disease/PEPPER BELL DATASET/PepperBell_Cercospora Leaf Spot/973__roi_backremoved.jpg,Pepper,Pepper_Cercospora_Leaf_Spot,test,Field,803,1678,1,41.16,0.9394,0.9121,397,840,0.008,True,True,True,Strategy C (Combined),A. GOOD PRIMARY LEAF MASK,NONE,ACCEPT
/home/hammad/Desktop/project zari - experimental/ml_pipeline/data/new_Dataset/Pepper Bell Leaf Disease/PEPPER BELL DATASET/PepperBell_Cercospora Leaf Spot/290__roi_backremoved.jpg,Pepper,Pepper_Cercospora_Leaf_Spot,test,Field,964,1533,1,42.65,0.9235,0.9022,488,895,0.1189,True,True,True,Strategy C (Combined),A. GOOD PRIMARY LEAF MASK,NONE,ACCEPT
"/home/hammad/Desktop/project zari - experimental/ml_pipeline/data/raw/plantvillage/raw/color/Pepper,_bell___healthy/b704a626-1cb5-47a8-a8b5-e6df7b2a895d___JR_HL 8096.JPG",Pepper,Pepper_Healthy,test,Laboratory,256,256,10,52.7,0.9445,0.9209,126,129,0.0124,True,True,True,Strategy C (Combined),A. GOOD PRIMARY LEAF MASK,NONE,ACCEPT
ml_pipeline/data/new_Dataset/Pepper Bell Leaf Disease/PEPPER BELL DATASET/PepperBell_Bacterial Spot/517e3352-9e28-4b42-970b-2aa198203960___JR_B.Spot_8855_flipTB.JPG,Pepper,Pepper_Bacterial_Spot,test,Laboratory,256,256,25,51.75,0.9338,0.9134,132,114,0.0804,True,True,True,Strategy C (Combined),A. GOOD PRIMARY LEAF MASK,NONE,ACCEPT
"/home/hammad/Desktop/project zari - experimental/ml_pipeline/data/raw/plantvillage/raw/color/Pepper,_bell___Bacterial_spot/43fb5703-5a76-47cf-b027-42a9bd601401___JR_B.Spot 9033.JPG",Pepper,Pepper_Bacterial_Spot,test,Laboratory,256,256,34,48.9,0.9436,0.9186,128,129,0.0055,True,True,True,Strategy C (Combined),A. GOOD PRIMARY LEAF MASK,NONE,ACCEPT
"/home/hammad/Desktop/project zari - experimental/ml_pipeline/data/raw/plantvillage/raw/color/Pepper,_bell___Bacterial_spot/41b580cc-85f0-42c5-aafc-d640ab727081___JR_B.Spot 8950.JPG",Pepper,Pepper_Bacterial_Spot,test,Laboratory,256,256,21,46.31,0.942,0.9163,127,129,0.0078,True,True,True,Strategy C (Combined),A. GOOD PRIMARY LEAF MASK,NONE,ACCEPT
/home/hammad/Desktop/project zari - experimental/ml_pipeline/data/new_Dataset/Pepper Bell Leaf Disease/PEPPER BELL DATASET/PepperBell_Bacterial Spot/pepper_bell_bacterial_spot935.jpg,Pepper,Pepper_Bacterial_Spot,test,Field,256,256,3,47.4,0.9412,0.9163,131,128,0.0166,True,True,True,Strategy C (Combined),A. GOOD PRIMARY LEAF MASK,NONE,ACCEPT
/home/hammad/Desktop/project zari - experimental/ml_pipeline/data/new_Dataset/Pepper Bell Leaf Disease/PEPPER BELL DATASET/PepperBell_Bacterial Spot/pepper_bell_bacterial_spot539.jpg,Pepper,Pepper_Bacterial_Spot,test,Field,256,256,32,39.48,0.9315,0.9061,121,135,0.0547,True,True,True,Strategy C (Combined),A. GOOD PRIMARY LEAF MASK,NONE,ACCEPT
/home/hammad/Desktop/project zari - experimental/ml_pipeline/data/new_Dataset/Pepper Bell Leaf Disease/PEPPER BELL DATASET/PepperBell_Cercospora Leaf Spot/853__roi_backremoved.jpg,Pepper,Pepper_Cercospora_Leaf_Spot,test,Field,1179,1796,1,45.95,0.9393,0.9143,606,879,0.0248,True,True,True,Strategy C (Combined),A. GOOD PRIMARY LEAF MASK,NONE,ACCEPT
/home/hammad/Desktop/project zari - experimental/ml_pipeline/data/new_Dataset/Pepper Bell Leaf Disease/PEPPER BELL DATASET/PepperBell_Bacterial Spot/pepper_bell_bacterial_spot915.jpg,Pepper,Pepper_Bacterial_Spot,test,Field,256,256,6,48.04,0.9306,0.9095,122,143,0.0892,True,True,True,Strategy C (Combined),A. GOOD PRIMARY LEAF MASK,NONE,ACCEPT
/home/hammad/Desktop/project zari - experimental/ml_pipeline/data/new_Dataset/Pepper Bell Leaf Disease/PEPPER BELL DATASET/PepperBell_Bacterial Spot/pepper_bell_bacterial_spot2706.jpg,Pepper,Pepper_Bacterial_Spot,test,Field,256,256,7,46.59,0.9374,0.9134,123,133,0.0391,True,True,True,Strategy C (Combined),A. GOOD PRIMARY LEAF MASK,NONE,ACCEPT
/home/hammad/Desktop/project zari - experimental/ml_pipeline/data/new_Dataset/Pepper Bell Leaf Disease/PEPPER BELL DATASET/PepperBell_Bacterial Spot/01940b6d-7dea-4889-a7b8-a35f4e9bba34___NREC_B.Spot_9120_180deg.JPG,Pepper,Pepper_Bacterial_Spot,test,Field,256,256,13,50.36,0.9318,0.9114,122,113,0.0892,True,True,True,Strategy C (Combined),A. GOOD PRIMARY LEAF MASK,NONE,ACCEPT
"/home/hammad/Desktop/project zari - experimental/ml_pipeline/data/raw/plantvillage/raw/color/Pepper,_bell___healthy/3b5f6152-09c6-4458-8e7a-fb0b1ff43ee8___JR_HL 5851.JPG",Pepper,Pepper_Healthy,test,Laboratory,256,256,14,51.17,0.9343,0.9134,120,139,0.0751,True,True,True,Strategy C (Combined),A. GOOD PRIMARY LEAF MASK,NONE,ACCEPT
"/home/hammad/Desktop/project zari - experimental/ml_pipeline/data/raw/plantvillage/raw/color/Pepper,_bell___Bacterial_spot/a32c2976-7ef3-4dfa-95d8-c3c056b36012___JR_B.Spot 3145.JPG",Pepper,Pepper_Bacterial_Spot,test,Laboratory,256,256,24,41.64,0.9272,0.9042,132,112,0.0911,True,True,True,Strategy C (Combined),A. GOOD PRIMARY LEAF MASK,NONE,ACCEPT
"/home/hammad/Desktop/project zari - experimental/ml_pipeline/data/raw/plantvillage/raw/color/Pepper,_bell___Bacterial_spot/ad921dec-e88f-41d8-9455-0880c69063fc___NREC_B.Spot 9216.JPG",Pepper,Pepper_Bacterial_Spot,test,Laboratory,256,256,5,50.76,0.9394,0.9166,132,134,0.0398,True,True,True,Strategy C (Combined),A. GOOD PRIMARY LEAF MASK,NONE,ACCEPT
/home/hammad/Desktop/project zari - experimental/ml_pipeline/data/new_Dataset/Pepper Bell Leaf Disease/PEPPER BELL DATASET/PepperBell_Nutrition Deficiency/Nutrition Deficiency00294.JPG,Pepper,Pepper_Nutrition_Deficiency,test,Field,1000,1000,27,62.99,0.9498,0.9293,495,494,0.011,True,True,True,Strategy C (Combined),A. GOOD PRIMARY LEAF MASK,NONE,ACCEPT
/home/hammad/Desktop/project zari - experimental/ml_pipeline/data/new_Dataset/Pepper Bell Leaf Disease/PEPPER BELL DATASET/PepperBell_Bacterial Spot/pepper_bell_bacterial_spot114.jpg,Pepper,Pepper_Bacterial_Spot,test,Field,256,256,9,42.4,0.9364,0.9107,123,131,0.0322,True,True,True,Strategy C (Combined),A. GOOD PRIMARY LEAF MASK,NONE,ACCEPT
/home/hammad/Desktop/project zari - experimental/ml_pipeline/data/new_Dataset/Pepper Bell Leaf Disease/PEPPER BELL DATASET/PepperBell_Bacterial Spot/b76271aa-ca0b-44ac-a6f9-379ef70ef443___JR_B.Spot_3389_180deg.JPG,Pepper,Pepper_Bacterial_Spot,test,Field,256,256,18,47.26,0.9303,0.909,129,112,0.0886,True,True,True,Strategy C (Combined),A. GOOD PRIMARY LEAF MASK,NONE,ACCEPT
/home/hammad/Desktop/project zari - experimental/ml_pipeline/data/new_Dataset/Pepper Bell Leaf Disease/PEPPER BELL DATASET/PepperBell_Bacterial Spot/pepper_bell_bacterial_spot1250.jpg,Pepper,Pepper_Bacterial_Spot,test,Field,256,256,20,41.93,0.9277,0.9047,127,112,0.0886,True,True,True,Strategy C (Combined),A. GOOD PRIMARY LEAF MASK,NONE,ACCEPT
"/home/hammad/Desktop/project zari - experimental/ml_pipeline/data/raw/plantvillage/raw/color/Pepper,_bell___healthy/b2045348-8e3f-408f-89c0-5546d59a3f9a___JR_HL 8370.JPG",Pepper,Pepper_Healthy,test,Laboratory,256,256,16,52.22,0.9386,0.9168,129,137,0.05,True,True,True,Strategy C (Combined),A. GOOD PRIMARY LEAF MASK,NONE,ACCEPT
/home/hammad/Desktop/project zari - experimental/ml_pipeline/data/new_Dataset/Pepper Bell Leaf Disease/PEPPER BELL DATASET/PepperBell_Bacterial Spot/pepper_bell_bacterial_spot665.jpg,Pepper,Pepper_Bacterial_Spot,test,Field,256,256,22,49.05,0.937,0.9142,129,119,0.05,True,True,True,Strategy C (Combined),A. GOOD PRIMARY LEAF MASK,NONE,ACCEPT
/home/hammad/Desktop/project zari - experimental/ml_pipeline/data/new_Dataset/Pepper Bell Leaf Disease/PEPPER BELL DATASET/PepperBell_Bacterial Spot/pepper_bell_bacterial_spot2760.jpg,Pepper,Pepper_Bacterial_Spot,test,Field,256,256,6,45.49,0.9296,0.9077,119,141,0.0873,True,True,True,Strategy C (Combined),A. GOOD PRIMARY LEAF MASK,NONE,ACCEPT
